level 0
width 6
height 6
objects
0 0.796 0.811
1 0.219 0.188
2 0.783 0.197
3 0.203 0.811
4 0.499 0.474
links
1 0
2 1
3 2
3 1
4 1
4 0
result
0 0.203 0.811
1 0.499 0.474
2 0.219 0.188
3 0.783 0.197
4 0.796 0.811
end level

level 1
width 6
height 6
objects
0 0.065 0.515
1 0.861 0.513
2 0.518 0.492
3 0.392 0.299
4 0.311 0.562
5 0.466 0.721
6 0.709 0.402
7 0.394 0.067
8 0.354 0.932
9 0.935 0.223
links
1 0
2 1
3 2
4 3
4 0
5 0
6 5
7 6
8 7
9 8
9 0
result
0 0.518 0.492
1 0.392 0.299
2 0.065 0.515
3 0.354 0.932
4 0.311 0.562
5 0.466 0.721
6 0.861 0.513
7 0.935 0.223
8 0.394 0.067
9 0.709 0.402
end level

level 2
width 6
height 6
objects
0 0.874 0.423
1 0.125 0.461
2 0.354 0.169
3 0.731 0.183
4 0.232 0.765
5 0.845 0.725
6 0.516 0.483
7 0.542 0.83
links
1 0
4 0
4 1
4 3
4 2
3 5
0 5
4 5
2 6
1 6
6 4
3 7
2 7
7 4
result
0 0.354 0.169
1 0.731 0.183
2 0.845 0.725
3 0.232 0.765
4 0.516 0.483
5 0.125 0.461
6 0.874 0.423
7 0.542 0.83
end level

level 3
width 6
height 6
objects
0 0.919 0.752
1 0.477 0.473
2 0.081 0.85
3 0.16 0.517
4 0.88 0.526
5 0.624 0.759
6 0.151 0.219
7 0.786 0.375
8 0.414 0.078
9 0.593 0.268
10 0.428 0.922
11 0.833 0.135
links
1 0
2 1
3 2
3 0
4 0
5 4
5 0
6 0
7 6
7 0
8 0
9 8
9 0
10 0
11 10
11 0
result
0 0.477 0.473
1 0.593 0.268
2 0.833 0.135
3 0.786 0.375
4 0.88 0.526
5 0.919 0.752
6 0.624 0.759
7 0.428 0.922
8 0.081 0.85
9 0.16 0.517
10 0.151 0.219
11 0.414 0.078
end level

level 4
width 6
height 6
objects
0 0.542 0.758
1 0.144 0.539
2 0.568 0.076
3 0.428 0.519
4 0.856 0.542
5 0.556 0.393
6 0.565 0.254
7 0.717 0.54
8 0.285 0.542
9 0.539 0.923
10 0.532 0.628
links
1 0
2 1
3 2
4 3
5 4
6 5
7 6
8 7
9 8
10 9
10 8
0 4
result
0 0.568 0.076
1 0.144 0.539
2 0.539 0.923
3 0.856 0.542
4 0.565 0.254
5 0.285 0.542
6 0.542 0.758
7 0.717 0.54
8 0.556 0.393
9 0.428 0.519
10 0.532 0.628
end level

level 5
width 6
height 8
objects
0 0.361 0.145
1 0.687 0.366
2 0.791 0.931
3 0.233 0.113
4 0.614 0.518
5 0.77 0.16
6 0.324 0.841
7 0.759 0.508
8 0.889 0.068
9 0.656 0.824
10 0.287 0.272
11 0.224 0.718
12 0.654 0.652
13 0.11 0.879
links
1 0
2 1
2 0
3 0
3 1
4 1
6 5
7 6
7 5
9 8
10 9
10 8
2 4
12 11
13 12
13 11
result
0 0.233 0.113
1 0.759 0.508
2 0.11 0.879
3 0.889 0.068
4 0.791 0.931
5 0.287 0.272
6 0.224 0.718
7 0.614 0.518
8 0.361 0.145
9 0.687 0.366
10 0.77 0.16
11 0.654 0.652
12 0.324 0.841
13 0.656 0.824
end level

level 6
width 6
height 8
objects
0 0.705 0.422
1 0.209 0.455
2 0.749 0.109
3 0.385 0.731
4 0.232 0.805
5 0.583 0.576
6 0.8 0.467
7 0.448 0.576
8 0.278 0.653
9 0.826 0.413
10 0.588 0.314
11 0.96 0.685
12 0.504 0.891
13 0.814 0.791
14 0.109 0.47
15 0.337 0.313
16 0.523 0.659
17 0.283 0.547
18 0.628 0.722
19 0.446 0.498
20 0.57 0.506
21 0.763 0.632
22 0.039 0.682
23 0.321 0.419
24 0.735 0.539
25 0.16 0.11
links
1 0
2 1
3 2
4 3
5 4
6 5
7 6
8 7
9 8
10 9
10 0
12 11
13 12
14 13
14 11
16 15
17 16
18 17
18 15
20 19
21 20
22 21
23 22
23 21
24 21
25 24
25 5
19 1
result
0 0.109 0.47
1 0.039 0.682
2 0.232 0.805
3 0.504 0.891
4 0.814 0.791
5 0.96 0.685
6 0.826 0.413
7 0.749 0.109
8 0.588 0.314
9 0.337 0.313
10 0.16 0.11
11 0.209 0.455
12 0.321 0.419
13 0.446 0.498
14 0.283 0.547
15 0.57 0.506
16 0.705 0.422
17 0.8 0.467
18 0.735 0.539
19 0.278 0.653
20 0.385 0.731
21 0.523 0.659
22 0.448 0.576
23 0.583 0.576
24 0.628 0.722
25 0.763 0.632
end level

level 7
width 7
height 9
objects
0 0.471 0.439
1 0.383 0.259
2 0.919 0.38
3 0.132 0.732
4 0.453 0.865
5 0.27 0.947
6 0.79 0.052
7 0.888 0.756
8 0.569 0.512
9 0.789 0.897
10 0.081 0.123
11 0.483 0.235
12 0.092 0.507
13 0.419 0.56
14 0.312 0.515
15 0.677 0.471
16 0.533 0.67
17 0.882 0.62
18 0.598 0.868
19 0.132 0.876
links
1 0
2 1
3 2
4 3
5 4
6 5
7 6
8 7
9 8
10 9
10 0
11 0
11 9
12 0
13 12
14 13
15 14
16 15
17 16
18 17
19 18
19 9
result
0 0.471 0.439
1 0.383 0.259
2 0.081 0.123
3 0.092 0.507
4 0.312 0.515
5 0.132 0.732
6 0.132 0.876
7 0.27 0.947
8 0.453 0.865
9 0.533 0.67
10 0.419 0.56
11 0.569 0.512
12 0.483 0.235
13 0.79 0.052
14 0.919 0.38
15 0.677 0.471
16 0.882 0.62
17 0.888 0.756
18 0.789 0.897
19 0.598 0.868
end level

level 8
width 7
height 9
objects
0 0.467 0.617
1 0.613 0.523
2 0.32 0.915
3 0.798 0.311
4 0.553 0.659
5 0.108 0.587
6 0.418 0.511
7 0.279 0.699
8 0.841 0.833
9 0.563 0.209
10 0.81 0.085
11 0.511 0.759
12 0.765 0.594
13 0.32 0.551
14 0.445 0.095
15 0.891 0.638
16 0.559 0.359
17 0.882 0.476
18 0.418 0.249
19 0.336 0.418
20 0.171 0.307
21 0.368 0.67
links
1 0
2 1
3 2
4 3
5 4
6 5
7 6
8 7
9 8
10 9
11 10
12 11
13 12
14 13
15 14
16 15
17 16
18 17
19 18
20 19
21 20
21 0
18 8
20 4
19 7
11 15
result
0 0.418 0.249
1 0.445 0.095
2 0.81 0.085
3 0.563 0.209
4 0.798 0.311
5 0.882 0.476
6 0.891 0.638
7 0.841 0.833
8 0.32 0.915
9 0.108 0.587
10 0.336 0.418
11 0.613 0.523
12 0.553 0.659
13 0.368 0.67
14 0.467 0.617
15 0.418 0.511
16 0.32 0.551
17 0.279 0.699
18 0.511 0.759
19 0.765 0.594
20 0.559 0.359
21 0.171 0.307
end level

level 9
width 7
height 9
objects
1 0.396 0.255
2 0.506 0.758
3 0.166 0.241
4 0.507 0.435
5 0.892 0.419
6 0.108 0.451
7 0.638 0.244
0 0.87 0.248
links
2 1
3 2
4 3
5 4
6 5
7 6
0 1
0 7
4 0
2 0
0 6
result
1 0.396 0.255
2 0.166 0.241
3 0.108 0.451
4 0.506 0.758
5 0.892 0.419
6 0.87 0.248
7 0.638 0.244
0 0.507 0.435
end level

level 10
width 7
height 9
objects
0 0.321 0.71
1 0.243 0.17
3 0.428 0.238
4 0.581 0.754
5 0.906 0.393
6 0.715 0.26
7 0.127 0.205
8 0.288 0.374
9 0.77 0.806
10 0.081 0.507
11 0.156 0.713
12 0.84 0.492
2 0.283 0.829
13 0.919 0.619
14 0.557 0.466
links
1 0
4 3
5 4
6 5
7 6
8 7
9 8
10 9
10 8
11 8
11 0
12 11
12 7
1 3
13 2
14 13
14 12
12 2
result
0 0.156 0.713
1 0.283 0.829
3 0.77 0.806
4 0.919 0.619
5 0.906 0.393
6 0.715 0.26
7 0.428 0.238
8 0.288 0.374
9 0.243 0.17
10 0.127 0.205
11 0.081 0.507
12 0.557 0.466
2 0.321 0.71
13 0.581 0.754
14 0.84 0.492
end level

level 11
width 7
height 9
objects
0 0.162 0.585
1 0.501 0.424
2 0.625 0.148
3 0.539 0.562
4 0.835 0.604
5 0.322 0.574
6 0.837 0.809
7 0.39 0.288
8 0.378 0.092
9 0.666 0.523
10 0.819 0.342
11 0.548 0.694
12 0.489 0.908
links
1 0
2 1
3 2
4 3
5 4
6 5
7 6
8 7
9 8
9 7
10 0
10 5
11 2
12 11
12 2
result
0 0.489 0.908
1 0.162 0.585
2 0.39 0.288
3 0.819 0.342
4 0.835 0.604
5 0.548 0.694
6 0.322 0.574
7 0.501 0.424
8 0.666 0.523
9 0.539 0.562
10 0.837 0.809
11 0.625 0.148
12 0.378 0.092
end level

level 12
width 7
height 9
objects
0 0.362 0.436
1 0.498 0.824
2 0.274 0.23
3 0.724 0.228
4 0.909 0.379
5 0.089 0.397
6 0.628 0.432
7 0.503 0.175
links
1 0
3 2
4 3
4 0
5 0
6 5
6 3
1 5
2 7
1 7
7 6
6 2
6 4
4 5
5 7
result
0 0.089 0.397
1 0.274 0.23
2 0.724 0.228
3 0.909 0.379
4 0.498 0.824
5 0.362 0.436
6 0.628 0.432
7 0.503 0.175
end level

level 13
width 7
height 9
objects
0 0.635 0.631
1 0.713 0.865
2 0.701 0.134
3 0.695 0.39
4 0.281 0.454
5 0.319 0.858
6 0.545 0.309
7 0.941 0.324
8 0.26 0.141
9 0.307 0.571
10 0.923 0.637
11 0.36 0.349
12 0.065 0.631
13 0.058 0.354
14 0.51 0.48
15 0.713 0.522
16 0.435 0.639
links
1 0
2 1
3 2
4 3
4 0
5 3
6 5
6 0
7 0
8 7
8 5
9 0
10 9
10 8
11 2
12 11
12 0
13 11
14 13
14 10
15 0
15 13
16 0
16 14
result
0 0.51 0.48
1 0.281 0.454
2 0.065 0.631
3 0.319 0.858
4 0.307 0.571
5 0.713 0.865
6 0.435 0.639
7 0.635 0.631
8 0.923 0.637
9 0.713 0.522
10 0.941 0.324
11 0.058 0.354
12 0.36 0.349
13 0.26 0.141
14 0.701 0.134
15 0.545 0.309
16 0.695 0.39
end level

level 14
width 8
height 9
objects
0 0.784 0.621
1 0.501 0.286
2 0.304 0.37
3 0.645 0.383
4 0.575 0.789
5 0.111 0.296
6 0.525 0.122
7 0.607 0.673
8 0.325 0.631
9 0.572 0.589
10 0.845 0.766
11 0.729 0.542
12 0.452 0.852
13 0.167 0.382
14 0.888 0.379
15 0.353 0.782
16 0.255 0.42
17 0.366 0.267
18 0.22 0.738
19 0.743 0.79
20 0.183 0.782
21 0.267 0.687
22 0.38 0.435
23 0.481 0.663
24 0.7 0.877
links
1 0
2 1
3 2
4 3
4 0
5 0
6 5
7 6
8 7
9 8
9 0
10 0
11 10
13 12
13 9
15 14
16 15
16 14
18 17
11 12
19 17
19 18
21 20
22 21
23 22
24 23
24 20
result
0 0.452 0.852
1 0.183 0.782
2 0.111 0.296
3 0.304 0.37
4 0.325 0.631
5 0.38 0.435
6 0.366 0.267
7 0.525 0.122
8 0.645 0.383
9 0.607 0.673
10 0.7 0.877
11 0.845 0.766
12 0.888 0.379
13 0.729 0.542
14 0.481 0.663
15 0.572 0.589
16 0.501 0.286
17 0.575 0.789
18 0.743 0.79
19 0.784 0.621
20 0.353 0.782
21 0.267 0.687
22 0.255 0.42
23 0.167 0.382
24 0.22 0.738
end level

level 15
width 8
height 9
objects
0 0.495 0.823
1 0.48 0.509
2 0.213 0.746
3 0.341 0.653
4 0.668 0.576
5 0.101 0.527
6 0.77 0.301
7 0.173 0.32
8 0.485 0.176
9 0.898 0.519
10 0.797 0.715
11 0.255 0.507
12 0.535 0.327
links
1 0
2 1
3 2
4 3
5 4
6 5
7 6
7 0
5 8
8 9
3 9
1 10
8 10
10 9
11 7
11 6
11 8
12 5
12 6
result
0 0.101 0.527
1 0.213 0.746
2 0.495 0.823
3 0.797 0.715
4 0.898 0.519
5 0.77 0.301
6 0.485 0.176
7 0.173 0.32
8 0.48 0.509
9 0.668 0.576
10 0.341 0.653
11 0.255 0.507
12 0.535 0.327
end level

level 16
width 8
height 9
objects
0 0.379 0.865
1 0.542 0.236
2 0.603 0.725
3 0.843 0.534
4 0.494 0.134
5 0.26 0.501
6 0.105 0.658
7 0.469 0.484
8 0.45 0.763
9 0.895 0.163
10 0.176 0.392
11 0.448 0.633
12 0.663 0.846
13 0.689 0.562
14 0.601 0.369
links
1 0
2 1
3 2
4 3
5 4
6 5
7 6
7 0
8 4
9 8
10 9
11 10
12 11
13 12
14 13
14 12
9 13
12 6
result
0 0.379 0.865
1 0.105 0.658
2 0.176 0.392
3 0.494 0.134
4 0.895 0.163
5 0.601 0.369
6 0.843 0.534
7 0.663 0.846
8 0.542 0.236
9 0.26 0.501
10 0.45 0.763
11 0.603 0.725
12 0.689 0.562
13 0.469 0.484
14 0.448 0.633
end level

level 17
width 8
height 9
objects
0 0.156 0.84
1 0.821 0.634
2 0.464 0.47
3 0.142 0.658
4 0.857 0.19
5 0.39 0.273
6 0.747 0.585
7 0.365 0.357
8 0.835 0.789
9 0.442 0.55
10 0.582 0.58
11 0.747 0.162
12 0.761 0.898
13 0.84 0.52
14 0.242 0.102
15 0.219 0.71
16 0.547 0.672
17 0.69 0.691
18 0.146 0.347
links
4 3
3 5
2 5
5 4
6 1
2 7
1 7
7 6
8 0
1 9
0 9
9 8
11 10
12 11
12 10
14 13
15 14
15 13
17 16
18 17
18 16
result
0 0.747 0.162
1 0.146 0.347
2 0.747 0.585
3 0.156 0.84
4 0.761 0.898
5 0.547 0.672
6 0.142 0.658
7 0.464 0.47
8 0.242 0.102
9 0.39 0.273
10 0.365 0.357
11 0.857 0.19
12 0.84 0.52
13 0.69 0.691
14 0.821 0.634
15 0.835 0.789
16 0.219 0.71
17 0.442 0.55
18 0.582 0.58
end level

level 18
width 8
height 9
objects
0 0.801 0.478
1 0.646 0.26
2 0.392 0.544
3 0.704 0.378
4 0.484 0.413
5 0.383 0.188
6 0.53 0.73
7 0.7 0.537
8 0.417 0.649
9 0.431 0.863
10 0.817 0.605
11 0.826 0.123
12 0.12 0.623
14 0.687 0.662
15 0.205 0.831
16 0.819 0.723
17 0.666 0.077
18 0.275 0.682
19 0.266 0.464
21 0.584 0.631
22 0.343 0.315
13 0.855 0.348
20 0.638 0.474
23 0.705 0.769
24 0.878 0.923
25 0.631 0.921
26 0.205 0.395
links
1 0
2 1
3 2
4 3
5 4
6 5
7 6
8 7
9 8
10 9
11 10
12 11
12 0
15 14
16 15
17 16
18 17
19 18
22 21
22 0
13 0
13 14
20 19
23 20
23 21
25 24
26 25
26 24
1 23
result
0 0.484 0.413
1 0.343 0.315
2 0.205 0.395
3 0.12 0.623
4 0.205 0.831
5 0.431 0.863
6 0.705 0.769
7 0.817 0.605
8 0.7 0.537
9 0.687 0.662
10 0.53 0.73
11 0.275 0.682
12 0.266 0.464
14 0.417 0.649
15 0.584 0.631
16 0.638 0.474
17 0.801 0.478
18 0.855 0.348
19 0.826 0.123
21 0.646 0.26
22 0.704 0.378
13 0.392 0.544
20 0.666 0.077
23 0.383 0.188
24 0.819 0.723
25 0.878 0.923
26 0.631 0.921
end level

level 19
width 8
height 9
objects
0 0.353 0.581
1 0.605 0.41
2 0.421 0.436
3 0.705 0.302
4 0.51 0.886
5 0.183 0.684
6 0.83 0.77
7 0.651 0.506
8 0.671 0.638
9 0.316 0.329
10 0.826 0.113
11 0.501 0.689
12 0.17 0.2
links
1 0
6 5
6 2
2 5
6 0
2 7
1 7
7 7
7 6
7 0
2 8
5 9
4 9
9 8
4 10
3 10
10 11
9 11
11 11
3 12
8 12
12 11
result
0 0.17 0.2
1 0.826 0.113
2 0.605 0.41
3 0.83 0.77
4 0.183 0.684
5 0.421 0.436
6 0.316 0.329
7 0.705 0.302
8 0.651 0.506
9 0.353 0.581
10 0.51 0.886
11 0.501 0.689
12 0.671 0.638
end level

level 20
width 8
height 9
objects
0 0.327 0.367
1 0.622 0.291
2 0.296 0.615
3 0.801 0.464
4 0.256 0.547
6 0.681 0.905
5 0.927 0.661
7 0.338 0.094
8 0.225 0.833
9 0.434 0.674
10 0.843 0.112
11 0.766 0.377
12 0.072 0.405
13 0.555 0.592
14 0.456 0.325
15 0.688 0.619
links
1 0
2 1
3 2
4 3
5 0
5 6
7 6
7 4
9 8
10 9
11 10
12 11
13 12
14 13
15 14
15 8
11 8
8 13
5 2
2 7
2 8
result
0 0.072 0.405
1 0.256 0.547
2 0.456 0.325
3 0.766 0.377
4 0.843 0.112
6 0.338 0.094
5 0.327 0.367
7 0.622 0.291
8 0.555 0.592
9 0.296 0.615
10 0.225 0.833
11 0.434 0.674
12 0.681 0.905
13 0.688 0.619
14 0.927 0.661
15 0.801 0.464
end level

level 21
width 8
height 9
objects
0 0.306 0.484
1 0.488 0.673
2 0.731 0.554
3 0.343 0.718
4 0.902 0.194
5 0.084 0.329
6 0.376 0.92
7 0.582 0.927
8 0.361 0.183
9 0.61 0.231
10 0.852 0.744
11 0.243 0.919
12 0.706 0.919
13 0.548 0.426
14 0.28 0.348
15 0.217 0.641
16 0.433 0.85
17 0.28 0.808
18 0.277 0.209
19 0.598 0.536
20 0.915 0.501
21 0.723 0.748
22 0.35 0.072
23 0.167 0.365
24 0.544 0.591
25 0.796 0.46
links
1 0
2 1
3 2
4 3
5 4
6 5
7 6
9 8
10 9
11 10
12 11
13 12
14 13
15 14
16 15
17 16
18 17
19 18
20 19
21 20
21 0
8 22
7 22
23 22
24 23
25 24
25 17
19 4
3 20
12 15
17 10
11 16
result
0 0.277 0.209
1 0.084 0.329
2 0.167 0.365
3 0.28 0.348
4 0.306 0.484
5 0.217 0.641
6 0.28 0.808
7 0.243 0.919
8 0.582 0.927
9 0.706 0.919
10 0.852 0.744
11 0.731 0.554
12 0.796 0.46
13 0.915 0.501
14 0.902 0.194
15 0.61 0.231
16 0.598 0.536
17 0.723 0.748
18 0.544 0.591
19 0.548 0.426
20 0.361 0.183
21 0.35 0.072
22 0.376 0.92
23 0.433 0.85
24 0.343 0.718
25 0.488 0.673
end level

level 22
width 8
height 9
objects
0 0.59 0.365
1 0.32 0.641
2 0.914 0.062
3 0.613 0.673
4 0.716 0.16
5 0.524 0.08
6 0.53 0.185
7 0.085 0.236
8 0.69 0.277
9 0.882 0.471
10 0.254 0.114
11 0.724 0.932
12 0.841 0.288
13 0.187 0.724
14 0.177 0.516
15 0.451 0.737
16 0.434 0.585
17 0.747 0.371
18 0.899 0.771
19 0.434 0.395
20 0.309 0.937
21 0.814 0.575
links
1 0
2 1
3 2
4 3
5 4
6 5
7 6
8 7
9 8
10 9
11 10
12 11
13 12
14 13
15 14
15 0
14 0
14 2
13 4
12 6
12 7
11 8
17 16
18 17
19 18
20 19
21 20
21 16
result
0 0.085 0.236
1 0.254 0.114
2 0.53 0.185
3 0.59 0.365
4 0.747 0.371
5 0.814 0.575
6 0.899 0.771
7 0.724 0.932
8 0.309 0.937
9 0.187 0.724
10 0.32 0.641
11 0.451 0.737
12 0.613 0.673
13 0.434 0.585
14 0.434 0.395
15 0.177 0.516
16 0.524 0.08
17 0.69 0.277
18 0.841 0.288
19 0.882 0.471
20 0.914 0.062
21 0.716 0.16
end level

level 23
width 8
height 9
objects
0 0.724 0.384
1 0.397 0.116
2 0.576 0.108
3 0.101 0.577
4 0.26 0.619
5 0.684 0.648
6 0.288 0.404
7 0.342 0.889
8 0.902 0.439
9 0.66 0.283
10 0.097 0.418
11 0.297 0.274
12 0.601 0.891
13 0.872 0.596
14 0.493 0.489
links
1 0
2 1
3 2
4 3
4 0
5 0
6 5
7 6
8 7
8 0
9 0
10 9
11 10
12 11
12 0
13 0
14 13
14 0
6 8
8 5
10 12
12 9
1 4
4 2
result
0 0.493 0.489
1 0.297 0.274
2 0.397 0.116
3 0.576 0.108
4 0.66 0.283
5 0.288 0.404
6 0.097 0.418
7 0.101 0.577
8 0.26 0.619
9 0.724 0.384
10 0.902 0.439
11 0.872 0.596
12 0.684 0.648
13 0.342 0.889
14 0.601 0.891
end level

level 24
width 8
height 9
objects
0 0.11 0.292
1 0.507 0.727
2 0.888 0.302
3 0.772 0.593
4 0.112 0.668
5 0.889 0.689
6 0.778 0.717
7 0.422 0.35
8 0.849 0.409
9 0.505 0.9
10 0.698 0.495
11 0.409 0.804
12 0.594 0.363
13 0.389 0.626
14 0.593 0.632
15 0.319 0.469
16 0.509 0.099
17 0.231 0.275
18 0.719 0.355
19 0.26 0.594
20 0.589 0.193
21 0.272 0.374
22 0.148 0.571
23 0.509 0.255
links
1 0
2 1
3 2
4 3
5 4
5 0
7 6
8 7
9 8
10 9
11 10
6 11
13 12
14 13
15 14
16 15
17 16
17 12
19 18
20 19
21 20
22 21
23 22
23 18
22 12
12 11
11 3
18 16
16 9
9 1
20 14
14 7
7 5
result
0 0.112 0.668
1 0.505 0.9
2 0.889 0.689
3 0.888 0.302
4 0.509 0.099
5 0.11 0.292
6 0.231 0.275
7 0.148 0.571
8 0.409 0.804
9 0.778 0.717
10 0.849 0.409
11 0.589 0.193
12 0.509 0.255
13 0.272 0.374
14 0.26 0.594
15 0.507 0.727
16 0.772 0.593
17 0.719 0.355
18 0.698 0.495
19 0.593 0.632
20 0.389 0.626
21 0.319 0.469
22 0.422 0.35
23 0.594 0.363
end level

level 25
width 8
height 9
objects
0 0.513 0.797
1 0.746 0.742
2 0.09 0.176
3 0.482 0.499
4 0.636 0.889
5 0.866 0.705
6 0.291 0.375
7 0.708 0.473
8 0.321 0.868
9 0.545 0.11
10 0.849 0.258
11 0.909 0.81
12 0.091 0.599
links
1 0
3 2
4 3
4 1
5 0
5 4
6 5
6 3
1 8
8 7
9 7
2 10
8 10
10 9
7 4
9 3
4 6
5 1
11 8
12 11
12 10
result
0 0.091 0.599
1 0.321 0.868
2 0.866 0.705
3 0.849 0.258
4 0.291 0.375
5 0.09 0.176
6 0.545 0.11
7 0.482 0.499
8 0.513 0.797
9 0.708 0.473
10 0.746 0.742
11 0.636 0.889
12 0.909 0.81
end level

level 26
width 8
height 9
objects
0 0.662 0.669
1 0.115 0.535
2 0.488 0.855
3 0.166 0.284
4 0.82 0.759
5 0.495 0.668
6 0.833 0.295
7 0.668 0.372
8 0.328 0.377
9 0.885 0.535
10 0.484 0.144
11 0.324 0.668
12 0.494 0.517
13 0.178 0.752
links
1 0
3 2
3 0
4 0
4 3
5 0
5 1
6 1
6 2
7 2
7 3
8 0
8 3
2 9
1 9
9 8
10 4
10 5
11 5
11 6
12 6
12 7
13 7
13 4
result
0 0.328 0.377
1 0.324 0.668
2 0.662 0.669
3 0.668 0.372
4 0.484 0.144
5 0.115 0.535
6 0.488 0.855
7 0.885 0.535
8 0.494 0.517
9 0.495 0.668
10 0.166 0.284
11 0.178 0.752
12 0.82 0.759
13 0.833 0.295
end level

level 27
width 8
height 9
objects
0 0.515 0.665
1 0.687 0.729
2 0.189 0.709
3 0.441 0.409
4 0.914 0.679
5 0.325 0.622
6 0.46 0.274
7 0.344 0.165
8 0.16 0.628
9 0.085 0.834
10 0.425 0.532
links
1 3
0 3
2 4
1 4
4 3
2 5
0 5
5 4
6 5
7 6
8 7
9 8
10 9
10 8
7 4
6 0
8 5
9 6
result
0 0.085 0.834
1 0.344 0.165
2 0.914 0.679
3 0.16 0.628
4 0.46 0.274
5 0.687 0.729
6 0.189 0.709
7 0.441 0.409
8 0.515 0.665
9 0.325 0.622
10 0.425 0.532
end level

level 28
width 8
height 9
objects
0 0.105 0.557
1 0.492 0.818
2 0.319 0.4
3 0.814 0.384
4 0.716 0.419
5 0.339 0.181
6 0.488 0.657
7 0.652 0.215
8 0.338 0.296
9 0.236 0.481
10 0.501 0.36
11 0.672 0.314
12 0.506 0.471
13 0.14 0.395
14 0.743 0.522
15 0.831 0.569
16 0.894 0.606
17 0.181 0.52
18 0.201 0.435
19 0.488 0.729
20 0.49 0.581
21 0.884 0.339
links
1 0
2 1
3 2
4 3
5 4
6 0
7 6
8 5
9 8
10 9
11 10
12 11
13 12
14 13
15 14
15 7
17 16
18 17
19 18
20 19
21 20
21 16
21 18
12 1
10 3
14 6
result
0 0.501 0.36
1 0.652 0.215
2 0.884 0.339
3 0.894 0.606
4 0.492 0.818
5 0.105 0.557
6 0.339 0.181
7 0.14 0.395
8 0.181 0.52
9 0.488 0.729
10 0.831 0.569
11 0.814 0.384
12 0.672 0.314
13 0.506 0.471
14 0.338 0.296
15 0.201 0.435
16 0.319 0.4
17 0.236 0.481
18 0.488 0.657
19 0.743 0.522
20 0.716 0.419
21 0.49 0.581
end level

level 29
width 8
height 10
objects
0 0.204 0.201
1 0.371 0.771
2 0.784 0.897
3 0.374 0.223
4 0.726 0.346
5 0.51 0.577
6 0.325 0.461
7 0.905 0.664
8 0.544 0.457
9 0.427 0.41
10 0.779 0.682
11 0.144 0.862
12 0.685 0.184
13 0.604 0.785
14 0.498 0.318
15 0.876 0.459
16 0.552 0.091
17 0.252 0.568
18 0.211 0.388
19 0.775 0.556
20 0.692 0.468
21 0.069 0.472
22 0.93 0.207
23 0.192 0.658
24 0.459 0.689
25 0.429 0.908
links
1 0
2 1
3 2
4 3
5 4
6 5
7 6
7 0
8 7
9 8
10 9
11 10
12 11
13 12
14 13
7 14
15 14
16 15
17 16
18 17
19 18
20 19
21 20
22 21
22 7
23 11
23 10
24 17
24 18
25 3
25 4
16 22
6 1
13 8
result
0 0.498 0.318
1 0.685 0.184
2 0.93 0.207
3 0.876 0.459
4 0.775 0.556
5 0.692 0.468
6 0.726 0.346
7 0.544 0.457
8 0.779 0.682
9 0.784 0.897
10 0.429 0.908
11 0.371 0.771
12 0.459 0.689
13 0.604 0.785
14 0.51 0.577
15 0.192 0.658
16 0.069 0.472
17 0.204 0.201
18 0.374 0.223
19 0.427 0.41
20 0.325 0.461
21 0.211 0.388
22 0.252 0.568
23 0.144 0.862
24 0.552 0.091
25 0.905 0.664
end level


level 30
width 9
height 11
objects
0 0.676 0.596
1 0.44 0.38
2 0.529 0.622
3 0.284 0.801
4 0.787 0.7
5 0.423 0.834
6 0.729 0.326
7 0.608 0.529
8 0.295 0.615
9 0.173 0.872
10 0.242 0.21
11 0.432 0.609
12 0.411 0.252
13 0.127 0.391
14 0.292 0.457
15 0.772 0.236
16 0.498 0.127
17 0.439 0.49
18 0.636 0.417
19 0.598 0.36
20 0.872 0.448
links
1 0
2 1
3 2
4 3
5 4
6 5
7 6
8 7
8 0
10 9
11 10
12 11
13 12
14 13
14 9
16 15
17 16
18 17
19 18
20 19
20 15
12 3
12 1
14 0
7 10
10 5
20 16
18 10
result
0 0.295 0.615
1 0.127 0.391
2 0.242 0.21
3 0.498 0.127
4 0.772 0.236
5 0.872 0.448
6 0.787 0.7
7 0.423 0.834
8 0.173 0.872
9 0.284 0.801
10 0.676 0.596
11 0.729 0.326
12 0.411 0.252
13 0.292 0.457
14 0.432 0.609
15 0.44 0.38
16 0.598 0.36
17 0.636 0.417
18 0.608 0.529
19 0.529 0.622
20 0.439 0.49
end level

level 31
width 9
height 11
objects
0 0.788 0.31
1 0.371 0.822
2 0.095 0.544
3 0.891 0.443
4 0.46 0.165
5 0.573 0.121
6 0.398 0.897
7 0.59 0.55
8 0.824 0.738
9 0.705 0.75
10 0.242 0.346
11 0.466 0.633
12 0.429 0.552
13 0.313 0.664
14 0.717 0.656
15 0.579 0.834
16 0.915 0.543
17 0.783 0.208
18 0.084 0.44
19 0.324 0.739
20 0.196 0.212
21 0.612 0.398
22 0.256 0.875
23 0.185 0.724
24 0.866 0.287
25 0.61 0.898
26 0.766 0.877
27 0.808 0.526
28 0.142 0.288
29 0.793 0.803
30 0.597 0.663
31 0.383 0.101
32 0.374 0.383
33 0.225 0.548
34 0.216 0.791
links
1 0
2 1
3 2
5 4
6 5
7 6
8 7
9 8
10 9
11 10
12 11
0 13
3 14
15 14
16 15
16 13
12 17
13 17
17 11
11 9
9 7
7 5
4 18
14 18
18 5
20 19
21 20
22 21
22 19
24 23
25 24
25 23
27 26
28 27
28 26
30 29
31 30
31 29
33 32
34 33
34 32
result
0 0.256 0.875
1 0.398 0.897
2 0.61 0.898
3 0.766 0.877
4 0.915 0.543
5 0.717 0.656
6 0.788 0.31
7 0.59 0.55
8 0.46 0.165
9 0.429 0.552
10 0.242 0.346
11 0.313 0.664
12 0.095 0.544
13 0.216 0.791
14 0.793 0.803
15 0.579 0.834
16 0.371 0.822
17 0.185 0.724
18 0.824 0.738
19 0.324 0.739
20 0.466 0.633
21 0.597 0.663
22 0.705 0.75
23 0.573 0.121
24 0.612 0.398
25 0.783 0.208
26 0.383 0.101
27 0.196 0.212
28 0.374 0.383
29 0.142 0.288
30 0.084 0.44
31 0.225 0.548
32 0.866 0.287
33 0.808 0.526
34 0.891 0.443
end level

level 32
width 9
height 11
objects
0 0.855 0.388
1 0.538 0.226
2 0.66 0.78
3 0.386 0.583
4 0.734 0.054
5 0.178 0.52
6 0.09 0.834
7 0.559 0.757
8 0.462 0.191
9 0.172 0.38
10 0.454 0.138
11 0.539 0.526
12 0.763 0.77
13 0.22 0.797
14 0.807 0.89
15 0.492 0.659
16 0.73 0.312
17 0.516 0.605
18 0.414 0.445
19 0.553 0.568
20 0.124 0.43
21 0.711 0.807
22 0.553 0.448
23 0.489 0.532
24 0.952 0.639
25 0.119 0.559
26 0.925 0.316
27 0.184 0.449
28 0.047 0.481
29 0.245 0.369
30 0.138 0.764
31 0.187 0.668
32 0.398 0.045
33 0.272 0.777
34 0.769 0.494
35 0.612 0.546
36 0.809 0.424
37 0.425 0.954
38 0.217 0.24
39 0.731 0.683
40 0.684 0.124
41 0.357 0.763
42 0.323 0.233
43 0.489 0.573
44 0.378 0.119
45 0.885 0.592
46 0.831 0.336
47 0.121 0.136
48 0.461 0.856
links
1 0
2 1
3 2
3 0
5 4
6 5
6 4
8 7
9 8
10 9
10 7
12 11
13 12
13 11
15 14
16 15
17 16
17 14
19 18
20 19
21 20
21 18
23 22
24 23
25 24
25 22
27 26
28 27
28 26
30 29
31 30
31 29
33 32
34 33
34 32
36 35
37 36
38 37
39 38
40 39
41 40
42 41
43 42
44 43
45 44
46 45
47 46
48 47
48 35
2 35
21 39
25 42
9 46
16 44
10 47
33 18
14 28
11 8
6 0
result
0 0.489 0.532
1 0.378 0.119
2 0.217 0.24
3 0.172 0.38
4 0.245 0.369
5 0.323 0.233
6 0.414 0.445
7 0.184 0.449
8 0.489 0.573
9 0.138 0.764
10 0.119 0.559
11 0.178 0.52
12 0.187 0.668
13 0.386 0.583
14 0.516 0.605
15 0.272 0.777
16 0.461 0.856
17 0.66 0.78
18 0.539 0.526
19 0.462 0.191
20 0.684 0.124
21 0.831 0.336
22 0.553 0.568
23 0.809 0.424
24 0.885 0.592
25 0.763 0.77
26 0.492 0.659
27 0.357 0.763
28 0.559 0.757
29 0.612 0.546
30 0.769 0.494
31 0.731 0.683
32 0.538 0.226
33 0.553 0.448
34 0.73 0.312
35 0.121 0.136
36 0.398 0.045
37 0.454 0.138
38 0.734 0.054
39 0.925 0.316
40 0.855 0.388
41 0.952 0.639
42 0.807 0.89
43 0.711 0.807
44 0.425 0.954
45 0.22 0.797
46 0.09 0.834
47 0.047 0.481
48 0.124 0.43
end level

level 33
width 9
height 11
objects
0 0.229 0.155
1 0.839 0.844
2 0.718 0.289
3 0.369 0.185
4 0.717 0.353
5 0.867 0.221
6 0.476 0.687
7 0.405 0.892
8 0.635 0.752
9 0.174 0.236
10 0.171 0.698
11 0.482 0.856
12 0.811 0.615
13 0.542 0.772
14 0.297 0.558
15 0.615 0.241
16 0.469 0.629
17 0.796 0.204
18 0.78 0.114
19 0.239 0.606
20 0.482 0.942
21 0.649 0.561
22 0.574 0.378
23 0.132 0.603
24 0.654 0.145
25 0.585 0.118
26 0.604 0.546
27 0.401 0.272
28 0.213 0.401
29 0.448 0.287
30 0.272 0.47
31 0.787 0.334
32 0.472 0.783
33 0.85 0.057
34 0.549 0.272
35 0.528 0.6
36 0.619 0.715
links
1 0
2 1
3 2
4 3
5 4
6 5
7 6
7 0
7 3
7 4
9 8
10 9
11 10
12 11
13 12
14 13
15 14
16 15
16 8
16 12
18 17
19 18
20 19
21 20
22 21
23 22
23 17
23 19
23 20
25 24
26 25
26 24
28 27
29 28
30 29
30 27
32 31
33 32
34 33
35 34
35 31
36 11
36 12
result
0 0.213 0.401
1 0.174 0.236
2 0.229 0.155
3 0.401 0.272
4 0.528 0.6
5 0.542 0.772
6 0.132 0.603
7 0.272 0.47
8 0.369 0.185
9 0.448 0.287
10 0.619 0.715
11 0.604 0.546
12 0.717 0.353
13 0.867 0.221
14 0.85 0.057
15 0.585 0.118
16 0.549 0.272
17 0.649 0.561
18 0.787 0.334
19 0.811 0.615
20 0.839 0.844
21 0.482 0.942
22 0.482 0.856
23 0.635 0.752
24 0.171 0.698
25 0.472 0.783
26 0.405 0.892
27 0.297 0.558
28 0.239 0.606
29 0.476 0.687
30 0.469 0.629
31 0.654 0.145
32 0.615 0.241
33 0.718 0.289
34 0.796 0.204
35 0.78 0.114
36 0.574 0.378
end level

level 34
width 9
height 11
objects
0 0.665 0.136
1 0.818 0.281
2 0.603 0.533
3 0.18 0.069
4 0.84 0.852
5 0.397 0.199
6 0.8 0.668
7 0.548 0.948
8 0.367 0.29
9 0.322 0.789
10 0.381 0.151
11 0.518 0.797
12 0.419 0.051
13 0.175 0.432
14 0.913 0.944
15 0.715 0.182
16 0.908 0.634
17 0.443 0.47
18 0.52 0.731
19 0.351 0.337
20 0.562 0.492
21 0.76 0.538
22 0.805 0.562
23 0.601 0.234
24 0.344 0.13
25 0.725 0.817
26 0.437 0.693
27 0.443 0.404
28 0.494 0.212
29 0.767 0.746
30 0.21 0.591
31 0.284 0.294
32 0.678 0.704
33 0.252 0.233
34 0.157 0.554
35 0.94 0.457
36 0.284 0.82
37 0.227 0.427
38 0.535 0.252
39 0.515 0.333
40 0.38 0.651
41 0.681 0.406
42 0.115 0.523
43 0.844 0.411
44 0.913 0.711
45 0.829 0.81
46 0.276 0.891
47 0.65 0.548
48 0.187 0.195
49 0.646 0.222
50 0.44 0.086
51 0.059 0.204
52 0.08 0.584
53 0.479 0.93
54 0.78 0.432
55 0.884 0.26
56 0.276 0.618
57 0.473 0.877
58 0.095 0.288
59 0.18 0.14
60 0.373 0.726
61 0.509 0.834
62 0.676 0.09
63 0.537 0.287
64 0.268 0.387
65 0.568 0.35
66 0.738 0.644
67 0.468 0.119
68 0.865 0.711
links
1 0
3 2
4 3
5 4
6 5
7 6
8 7
9 8
10 9
11 10
12 11
13 12
14 13
15 14
15 0
17 16
18 17
19 18
20 19
21 20
23 22
24 23
25 24
26 25
27 26
27 16
29 28
30 29
31 30
32 31
33 32
34 33
35 34
35 28
37 36
38 37
39 38
40 39
40 36
42 41
43 42
44 43
45 44
46 45
47 46
22 48
21 48
49 47
50 49
51 50
51 41
53 52
54 53
55 54
57 56
58 57
59 58
60 59
61 60
62 61
63 62
64 63
65 64
2 66
1 66
67 65
68 67
68 52
64 55
2 28
56 55
12 56
result
0 0.284 0.294
1 0.397 0.199
2 0.601 0.234
3 0.78 0.432
4 0.76 0.538
5 0.437 0.693
6 0.518 0.797
7 0.678 0.704
8 0.8 0.668
9 0.829 0.81
10 0.479 0.93
11 0.284 0.82
12 0.21 0.591
13 0.562 0.492
14 0.515 0.333
15 0.268 0.387
16 0.443 0.404
17 0.227 0.427
18 0.252 0.233
19 0.381 0.151
20 0.884 0.26
21 0.676 0.09
22 0.18 0.069
23 0.059 0.204
24 0.08 0.584
25 0.276 0.891
26 0.157 0.554
27 0.443 0.47
28 0.646 0.222
29 0.818 0.281
30 0.94 0.457
31 0.908 0.634
32 0.738 0.644
33 0.52 0.731
34 0.805 0.562
35 0.844 0.411
36 0.548 0.948
37 0.84 0.852
38 0.865 0.711
39 0.913 0.711
40 0.913 0.944
41 0.115 0.523
42 0.175 0.432
43 0.187 0.195
44 0.344 0.13
45 0.468 0.119
46 0.715 0.182
47 0.665 0.136
48 0.419 0.051
49 0.44 0.086
50 0.18 0.14
51 0.095 0.288
52 0.351 0.337
53 0.537 0.287
54 0.568 0.35
55 0.603 0.533
56 0.276 0.618
57 0.322 0.789
58 0.473 0.877
59 0.725 0.817
60 0.767 0.746
61 0.509 0.834
62 0.373 0.726
63 0.38 0.651
64 0.65 0.548
65 0.681 0.406
66 0.494 0.212
67 0.535 0.252
68 0.367 0.29
end level

level 35
width 9
height 11
objects
0 0.463 0.292
2 0.764 0.656
3 0.322 0.271
4 0.361 0.568
5 0.61 0.495
6 0.87 0.9
7 0.642 0.322
8 0.511 0.299
9 0.891 0.793
10 0.132 0.083
11 0.315 0.596
12 0.395 0.472
1 0.614 0.874
13 0.486 0.45
14 0.845 0.07
15 0.785 0.386
16 0.189 0.323
17 0.51 0.632
18 0.384 0.919
19 0.623 0.587
20 0.488 0.581
21 0.147 0.451
22 0.448 0.502
23 0.273 0.411
24 0.599 0.615
25 0.537 0.554
26 0.468 0.414
27 0.345 0.745
28 0.599 0.524
29 0.066 0.574
30 0.256 0.456
31 0.517 0.663
32 0.356 0.486
33 0.65 0.732
34 0.477 0.65
35 0.838 0.636
36 0.362 0.607
37 0.13 0.775
38 0.928 0.399
39 0.933 0.585
40 0.362 0.442
41 0.503 0.798
42 0.274 0.534
43 0.84 0.225
44 0.36 0.096
45 0.76 0.544
46 0.183 0.655
47 0.589 0.58
48 0.637 0.522
49 0.623 0.107
50 0.414 0.557
51 0.523 0.437
52 0.518 0.506
53 0.101 0.929
links
3 2
4 0
6 5
7 6
8 7
9 8
10 9
11 10
11 5
12 2
0 12
13 1
14 13
15 14
16 15
17 16
18 17
18 1
20 19
21 20
22 21
23 22
24 23
24 19
26 25
27 26
28 27
29 28
30 29
30 25
4 31
3 31
33 32
34 33
35 34
36 35
37 36
37 32
39 38
40 39
41 40
42 41
42 38
43 30
43 28
44 37
44 35
45 40
45 42
46 8
46 10
47 17
47 15
48 21
48 23
50 49
51 50
52 51
53 52
53 49
47 13
5 46
45 39
44 33
43 26
48 19
result
0 0.486 0.45
2 0.361 0.568
3 0.51 0.632
4 0.599 0.524
5 0.523 0.437
6 0.61 0.495
7 0.785 0.386
8 0.84 0.225
9 0.845 0.07
10 0.623 0.107
11 0.511 0.299
12 0.395 0.472
1 0.362 0.442
13 0.468 0.414
14 0.463 0.292
15 0.36 0.096
16 0.132 0.083
17 0.189 0.323
18 0.273 0.411
19 0.356 0.486
20 0.256 0.456
21 0.147 0.451
22 0.066 0.574
23 0.183 0.655
24 0.315 0.596
25 0.362 0.607
26 0.477 0.65
27 0.503 0.798
28 0.384 0.919
29 0.101 0.929
30 0.13 0.775
31 0.589 0.58
32 0.517 0.663
33 0.599 0.615
34 0.764 0.656
35 0.891 0.793
36 0.87 0.9
37 0.614 0.874
38 0.637 0.522
39 0.623 0.587
40 0.838 0.636
41 0.933 0.585
42 0.928 0.399
43 0.345 0.745
44 0.65 0.732
45 0.76 0.544
46 0.642 0.322
47 0.322 0.271
48 0.274 0.534
49 0.448 0.502
50 0.414 0.557
51 0.488 0.581
52 0.537 0.554
53 0.518 0.506
end level

level 36
width 9
height 11
objects
0 0.188 0.689
1 0.072 0.269
2 0.278 0.459
3 0.482 0.204
4 0.287 0.735
5 0.927 0.217
6 0.88 0.309
7 0.301 0.884
8 0.288 0.158
9 0.552 0.455
10 0.332 0.238
11 0.588 0.816
12 0.819 0.545
13 0.603 0.301
14 0.714 0.465
15 0.809 0.486
16 0.476 0.56
17 0.219 0.32
18 0.85 0.411
19 0.916 0.406
20 0.593 0.141
21 0.62 0.205
22 0.611 0.889
23 0.517 0.93
24 0.77 0.287
25 0.269 0.568
26 0.807 0.29
27 0.388 0.062
28 0.17 0.899
29 0.425 0.369
30 0.624 0.518
31 0.384 0.295
32 0.566 0.733
33 0.722 0.103
34 0.169 0.53
35 0.454 0.895
36 0.312 0.937
37 0.215 0.084
38 0.806 0.346
39 0.427 0.655
40 0.787 0.744
41 0.337 0.821
links
1 0
2 1
3 2
4 3
5 4
6 5
6 0
8 7
9 8
10 9
10 7
12 11
13 12
14 13
15 14
17 16
17 11
19 18
20 19
21 20
22 21
22 18
24 23
25 24
26 25
27 26
27 23
29 28
30 29
31 30
31 28
33 32
34 33
35 34
35 32
13 15
12 16
16 37
15 37
38 36
39 38
40 39
40 36
41 8
41 7
41 10
19 22
35 24
29 31
result
0 0.332 0.238
1 0.219 0.32
2 0.169 0.53
3 0.188 0.689
4 0.552 0.455
5 0.77 0.287
6 0.482 0.204
7 0.384 0.295
8 0.278 0.459
9 0.269 0.568
10 0.603 0.301
11 0.62 0.205
12 0.807 0.29
13 0.624 0.518
14 0.566 0.733
15 0.809 0.486
16 0.927 0.217
17 0.722 0.103
18 0.593 0.141
19 0.288 0.158
20 0.072 0.269
21 0.215 0.084
22 0.388 0.062
23 0.476 0.56
24 0.287 0.735
25 0.17 0.899
26 0.312 0.937
27 0.517 0.93
28 0.819 0.545
29 0.588 0.816
30 0.611 0.889
31 0.787 0.744
32 0.427 0.655
33 0.454 0.895
34 0.301 0.884
35 0.337 0.821
36 0.714 0.465
37 0.916 0.406
38 0.85 0.411
39 0.88 0.309
40 0.806 0.346
41 0.425 0.369
end level

level 37
width 9
height 11
objects
0 0.523 0.528
1 0.341 0.261
2 0.267 0.805
3 0.2 0.328
4 0.891 0.574
5 0.487 0.116
6 0.37 0.404
7 0.15 0.221
8 0.396 0.144
9 0.375 0.297
10 0.644 0.56
11 0.107 0.617
12 0.527 0.569
13 0.852 0.473
14 0.362 0.445
15 0.791 0.101
16 0.567 0.225
17 0.352 0.699
18 0.469 0.304
19 0.61 0.293
20 0.81 0.409
21 0.261 0.494
22 0.252 0.371
23 0.178 0.865
24 0.742 0.441
25 0.41 0.216
26 0.203 0.199
27 0.371 0.092
28 0.816 0.665
29 0.615 0.633
30 0.8 0.314
31 0.234 0.599
32 0.63 0.194
33 0.704 0.252
34 0.384 0.779
35 0.771 0.866
36 0.852 0.897
37 0.557 0.819
38 0.291 0.648
39 0.586 0.711
40 0.892 0.19
41 0.317 0.168
42 0.43 0.907
43 0.537 0.305
44 0.585 0.458
45 0.577 0.611
46 0.708 0.617
47 0.567 0.397
links
1 0
2 1
3 2
4 3
5 4
6 5
7 6
8 7
9 8
10 9
11 10
12 11
13 12
14 0
16 15
17 16
18 17
19 18
20 19
21 20
22 21
23 22
23 15
25 24
26 25
27 26
28 27
29 28
30 29
30 24
32 31
33 32
34 33
35 34
36 35
37 36
38 37
38 31
40 39
41 40
42 41
14 43
13 43
44 42
45 44
46 45
46 39
35 47
32 47
47 33
17 23
39 41
40 38
3 23
24 12
9 27
result
0 0.341 0.261
1 0.252 0.371
2 0.362 0.445
3 0.585 0.458
4 0.577 0.611
5 0.291 0.648
6 0.267 0.805
7 0.43 0.907
8 0.852 0.897
9 0.816 0.665
10 0.81 0.409
11 0.537 0.305
12 0.63 0.194
13 0.487 0.116
14 0.317 0.168
15 0.523 0.528
16 0.527 0.569
17 0.234 0.599
18 0.178 0.865
19 0.107 0.617
20 0.15 0.221
21 0.203 0.199
22 0.2 0.328
23 0.261 0.494
24 0.61 0.293
25 0.8 0.314
26 0.852 0.473
27 0.891 0.574
28 0.892 0.19
29 0.791 0.101
30 0.704 0.252
31 0.644 0.56
32 0.615 0.633
33 0.352 0.699
34 0.384 0.779
35 0.557 0.819
36 0.771 0.866
37 0.708 0.617
38 0.742 0.441
39 0.37 0.404
40 0.567 0.397
41 0.469 0.304
42 0.567 0.225
43 0.371 0.092
44 0.396 0.144
45 0.41 0.216
46 0.375 0.297
47 0.586 0.711
end level

level 38
width 9
height 11
objects
0 0.401 0.536
1 0.177 0.151
2 0.42 0.199
3 0.661 0.221
4 0.753 0.813
5 0.632 0.487
6 0.698 0.527
7 0.103 0.336
8 0.895 0.123
9 0.533 0.294
10 0.315 0.543
11 0.661 0.704
12 0.356 0.888
13 0.686 0.838
14 0.234 0.861
15 0.865 0.903
16 0.598 0.334
17 0.607 0.928
18 0.231 0.371
19 0.41 0.918
20 0.781 0.666
21 0.422 0.071
22 0.672 0.898
23 0.356 0.679
24 0.501 0.56
25 0.593 0.143
26 0.274 0.291
27 0.874 0.465
28 0.48 0.406
29 0.811 0.188
30 0.247 0.501
31 0.737 0.722
32 0.519 0.47
33 0.872 0.566
34 0.322 0.415
35 0.166 0.843
36 0.762 0.619
37 0.481 0.814
38 0.242 0.72
39 0.51 0.67
40 0.437 0.425
41 0.752 0.398
42 0.899 0.654
43 0.364 0.371
44 0.571 0.428
45 0.1 0.61
46 0.825 0.305
47 0.344 0.793
48 0.706 0.075
links
1 0
2 1
3 2
4 3
5 4
6 5
7 6
8 7
9 8
10 9
11 10
12 11
13 12
14 13
15 14
15 0
16 15
17 16
18 17
19 18
20 19
21 20
22 21
23 22
24 23
25 24
26 25
27 26
28 27
29 28
30 29
31 30
32 31
33 32
34 33
35 34
36 35
37 36
37 15
38 6
39 38
40 39
41 40
42 41
43 42
43 6
44 9
45 44
46 45
46 9
30 1
10 16
11 6
12 2
29 23
21 33
4 11
47 10
48 47
48 13
result
0 0.48 0.406
1 0.533 0.294
2 0.661 0.221
3 0.825 0.305
4 0.874 0.465
5 0.762 0.619
6 0.661 0.704
7 0.686 0.838
8 0.672 0.898
9 0.481 0.814
10 0.51 0.67
11 0.698 0.527
12 0.752 0.398
13 0.598 0.334
14 0.571 0.428
15 0.519 0.47
16 0.401 0.536
17 0.356 0.679
18 0.344 0.793
19 0.234 0.861
20 0.166 0.843
21 0.1 0.61
22 0.103 0.336
23 0.177 0.151
24 0.422 0.071
25 0.706 0.075
26 0.895 0.123
27 0.811 0.188
28 0.593 0.143
29 0.42 0.199
30 0.274 0.291
31 0.231 0.371
32 0.247 0.501
33 0.242 0.72
34 0.315 0.543
35 0.322 0.415
36 0.364 0.371
37 0.437 0.425
38 0.781 0.666
39 0.872 0.566
40 0.899 0.654
41 0.865 0.903
42 0.753 0.813
43 0.737 0.722
44 0.356 0.888
45 0.41 0.918
46 0.607 0.928
47 0.501 0.56
48 0.632 0.487
end level

level 39
width 9
height 11
objects
0 0.931 0.443
1 0.482 0.413
2 0.193 0.183
3 0.634 0.71
4 0.744 0.663
5 0.829 0.211
6 0.854 0.662
7 0.773 0.931
8 0.228 0.592
9 0.661 0.216
10 0.297 0.88
11 0.465 0.656
12 0.587 0.077
13 0.573 0.197
14 0.763 0.356
15 0.558 0.518
16 0.424 0.212
17 0.758 0.472
18 0.671 0.353
19 0.433 0.531
20 0.451 0.491
21 0.475 0.799
22 0.067 0.575
23 0.568 0.585
24 0.726 0.065
25 0.664 0.133
26 0.547 0.902
27 0.283 0.664
28 0.206 0.331
29 0.719 0.4
30 0.495 0.358
31 0.296 0.348
32 0.479 0.581
33 0.349 0.74
34 0.482 0.085
35 0.561 0.35
36 0.437 0.366
37 0.221 0.413
38 0.839 0.904
39 0.662 0.554
40 0.743 0.574
41 0.614 0.22
42 0.64 0.816
43 0.763 0.14
44 0.744 0.797
45 0.419 0.426
46 0.685 0.463
47 0.393 0.638
48 0.48 0.934
49 0.539 0.473
50 0.932 0.07
links
1 0
2 1
3 2
4 3
5 4
6 5
7 6
8 7
9 8
10 9
11 10
12 11
13 12
14 13
15 14
16 15
17 16
18 17
19 18
20 19
21 20
22 21
23 22
24 23
25 24
26 25
27 26
27 0
29 28
30 29
31 30
32 31
33 32
34 33
35 34
36 35
37 36
38 37
39 38
40 39
41 40
41 28
43 42
44 43
45 44
46 45
46 42
48 47
49 48
50 49
50 47
31 11
6 28
12 33
39 35
25 20
result
0 0.437 0.366
1 0.193 0.183
2 0.296 0.348
3 0.206 0.331
4 0.221 0.413
5 0.451 0.491
6 0.067 0.575
7 0.283 0.664
8 0.393 0.638
9 0.349 0.74
10 0.297 0.88
11 0.48 0.934
12 0.662 0.554
13 0.744 0.797
14 0.839 0.904
15 0.744 0.663
16 0.854 0.662
17 0.758 0.472
18 0.931 0.443
19 0.763 0.356
20 0.671 0.353
21 0.829 0.211
22 0.932 0.07
23 0.763 0.14
24 0.661 0.216
25 0.561 0.35
26 0.482 0.085
27 0.424 0.212
28 0.228 0.592
29 0.479 0.581
30 0.465 0.656
31 0.475 0.799
32 0.568 0.585
33 0.685 0.463
34 0.743 0.574
35 0.719 0.4
36 0.482 0.413
37 0.495 0.358
38 0.419 0.426
39 0.539 0.473
40 0.558 0.518
41 0.433 0.531
42 0.573 0.197
43 0.614 0.22
44 0.664 0.133
45 0.726 0.065
46 0.587 0.077
47 0.634 0.71
48 0.547 0.902
49 0.773 0.931
50 0.64 0.816
end level

level 40
width 9
height 11
objects
0 0.877 0.912
1 0.105 0.271
2 0.189 0.362
3 0.471 0.409
4 0.504 0.272
5 0.436 0.86
6 0.477 0.545
7 0.432 0.204
8 0.692 0.406
9 0.56 0.31
10 0.387 0.214
11 0.428 0.278
12 0.165 0.6
13 0.083 0.881
14 0.753 0.155
15 0.104 0.168
16 0.553 0.104
17 0.782 0.875
18 0.116 0.687
19 0.168 0.86
20 0.089 0.389
21 0.917 0.353
22 0.409 0.12
23 0.112 0.943
24 0.865 0.129
25 0.24 0.099
26 0.375 0.046
27 0.497 0.605
28 0.458 0.734
29 0.275 0.394
30 0.573 0.402
31 0.518 0.055
32 0.22 0.764
33 0.365 0.576
34 0.453 0.953
35 0.301 0.318
36 0.863 0.377
37 0.712 0.761
38 0.444 0.915
39 0.515 0.686
40 0.875 0.483
41 0.895 0.738
42 0.367 0.395
43 0.388 0.939
44 0.626 0.508
45 0.263 0.691
46 0.606 0.076
47 0.776 0.94
48 0.905 0.629
49 0.602 0.305
50 0.082 0.536
51 0.156 0.151
52 0.822 0.116
53 0.822 0.238
links
1 0
2 1
3 2
3 0
5 4
6 5
7 6
8 7
9 8
11 10
12 11
13 12
14 13
15 14
16 15
17 16
18 17
19 18
20 19
21 20
22 21
23 22
24 23
25 24
26 25
27 26
27 3
10 1
4 9
30 29
31 30
31 28
33 32
34 33
35 34
36 35
36 32
38 37
39 38
40 39
41 40
42 41
43 42
43 37
45 44
46 45
47 46
47 44
48 31
49 48
49 28
50 36
51 50
51 32
24 3
17 0
14 2
52 36
52 35
29 53
28 53
53 31
result
0 0.409 0.12
1 0.189 0.362
2 0.436 0.86
3 0.863 0.377
4 0.375 0.046
5 0.089 0.389
6 0.263 0.691
7 0.444 0.915
8 0.875 0.483
9 0.917 0.353
10 0.387 0.214
11 0.301 0.318
12 0.275 0.394
13 0.365 0.576
14 0.458 0.734
15 0.367 0.395
16 0.428 0.278
17 0.432 0.204
18 0.504 0.272
19 0.471 0.409
20 0.477 0.545
21 0.497 0.605
22 0.573 0.402
23 0.56 0.31
24 0.602 0.305
25 0.692 0.406
26 0.626 0.508
27 0.515 0.686
28 0.453 0.953
29 0.905 0.629
30 0.895 0.738
31 0.782 0.875
32 0.388 0.939
33 0.165 0.6
34 0.082 0.536
35 0.116 0.687
36 0.168 0.86
37 0.553 0.104
38 0.822 0.238
39 0.865 0.129
40 0.822 0.116
41 0.753 0.155
42 0.606 0.076
43 0.518 0.055
44 0.24 0.099
45 0.105 0.271
46 0.104 0.168
47 0.156 0.151
48 0.877 0.912
49 0.776 0.94
50 0.083 0.881
51 0.112 0.943
52 0.22 0.764
53 0.712 0.761
end level

level 41
width 9
height 11
objects
0 0.283 0.699
1 0.21 0.363
2 0.735 0.687
3 0.665 0.201
4 0.474 0.257
5 0.797 0.754
6 0.917 0.488
7 0.195 0.777
8 0.772 0.603
9 0.153 0.822
10 0.121 0.311
11 0.653 0.929
12 0.161 0.251
13 0.326 0.247
14 0.562 0.696
15 0.667 0.8
16 0.364 0.37
17 0.455 0.084
18 0.742 0.225
19 0.717 0.861
20 0.62 0.483
21 0.188 0.191
22 0.233 0.453
23 0.61 0.089
24 0.764 0.937
25 0.082 0.716
26 0.502 0.304
27 0.385 0.53
28 0.63 0.66
29 0.511 0.137
30 0.498 0.184
31 0.215 0.633
32 0.818 0.391
33 0.632 0.28
34 0.101 0.503
35 0.359 0.887
36 0.53 0.842
37 0.691 0.341
38 0.906 0.906
39 0.876 0.322
40 0.651 0.137
41 0.095 0.442
42 0.273 0.148
43 0.463 0.439
44 0.623 0.44
45 0.44 0.676
46 0.368 0.791
47 0.166 0.863
48 0.723 0.474
49 0.776 0.802
50 0.372 0.617
51 0.717 0.569
52 0.791 0.315
53 0.095 0.606
54 0.54 0.809
55 0.124 0.931
56 0.315 0.062
57 0.45 0.906
58 0.758 0.532
59 0.226 0.529
60 0.493 0.484
61 0.724 0.117
62 0.853 0.521
63 0.829 0.635
64 0.603 0.756
65 0.536 0.371
66 0.579 0.886
links
2 1
4 3
5 4
6 5
7 6
8 7
9 8
10 9
11 10
12 11
14 13
15 14
12 16
17 15
18 17
19 18
20 19
22 21
23 22
24 23
25 24
26 25
27 26
28 27
28 0
30 29
31 30
32 31
33 32
35 34
35 29
37 36
38 37
39 38
40 39
41 40
42 41
44 43
45 44
1 46
0 46
45 0
43 26
47 8
48 47
49 48
49 12
50 29
51 50
34 52
33 52
53 52
53 51
51 32
54 15
55 54
13 56
16 56
56 55
3 58
2 58
59 57
60 59
61 60
61 57
21 63
20 63
62 63
62 23
58 19
64 24
65 64
66 65
66 26
42 36
result
0 0.121 0.311
1 0.101 0.503
2 0.493 0.484
3 0.723 0.474
4 0.853 0.521
5 0.772 0.603
6 0.226 0.529
7 0.095 0.606
8 0.082 0.716
9 0.124 0.931
10 0.603 0.756
11 0.797 0.754
12 0.735 0.687
13 0.195 0.777
14 0.215 0.633
15 0.372 0.617
16 0.63 0.66
17 0.829 0.635
18 0.917 0.488
19 0.818 0.391
20 0.536 0.371
21 0.233 0.453
22 0.21 0.363
23 0.502 0.304
24 0.691 0.341
25 0.742 0.225
26 0.651 0.137
27 0.498 0.184
28 0.326 0.247
29 0.359 0.887
30 0.54 0.809
31 0.667 0.8
32 0.776 0.802
33 0.906 0.906
34 0.653 0.929
35 0.45 0.906
36 0.161 0.251
37 0.511 0.137
38 0.61 0.089
39 0.455 0.084
40 0.315 0.062
41 0.273 0.148
42 0.188 0.191
43 0.665 0.201
44 0.632 0.28
45 0.474 0.257
46 0.095 0.442
47 0.153 0.822
48 0.166 0.863
49 0.368 0.791
50 0.53 0.842
51 0.717 0.861
52 0.764 0.937
53 0.579 0.886
54 0.283 0.699
55 0.44 0.676
56 0.562 0.696
57 0.385 0.53
58 0.623 0.44
59 0.62 0.483
60 0.758 0.532
61 0.717 0.569
62 0.364 0.37
63 0.463 0.439
64 0.791 0.315
65 0.876 0.322
66 0.724 0.117
end level

level 42
width 9
height 11
objects
0 0.425 0.71
1 0.411 0.454
2 0.45 0.535
3 0.352 0.809
4 0.737 0.675
5 0.173 0.29
6 0.573 0.258
7 0.144 0.81
8 0.71 0.271
9 0.593 0.094
10 0.714 0.869
11 0.77 0.151
12 0.249 0.627
13 0.74 0.752
14 0.177 0.568
15 0.44 0.905
16 0.358 0.255
17 0.811 0.223
18 0.11 0.479
19 0.835 0.779
20 0.223 0.382
21 0.61 0.721
22 0.673 0.83
23 0.604 0.183
24 0.486 0.382
25 0.592 0.57
26 0.373 0.44
27 0.794 0.433
28 0.598 0.505
29 0.889 0.559
30 0.382 0.606
31 0.515 0.465
32 0.5 0.51
33 0.724 0.541
34 0.583 0.305
35 0.225 0.691
36 0.396 0.324
37 0.191 0.764
38 0.324 0.252
39 0.255 0.42
40 0.421 0.182
41 0.871 0.635
42 0.811 0.585
43 0.356 0.757
44 0.666 0.408
45 0.317 0.442
46 0.621 0.664
47 0.32 0.521
48 0.459 0.33
49 0.474 0.773
50 0.857 0.35
51 0.455 0.101
52 0.275 0.143
links
1 0
2 1
3 2
4 3
5 4
7 6
8 7
9 8
10 9
11 10
12 11
13 12
14 13
15 14
16 15
17 16
18 17
19 18
20 19
21 20
22 21
23 22
24 23
25 24
25 21
26 0
26 9
27 15
28 27
29 28
30 29
31 30
32 31
33 32
6 34
5 34
35 33
36 35
37 36
38 37
38 0
39 8
40 39
41 40
42 41
43 42
44 43
45 44
46 45
47 46
48 47
49 48
49 26
50 44
51 50
52 51
52 40
result
0 0.604 0.183
1 0.421 0.182
2 0.324 0.252
3 0.223 0.382
4 0.177 0.568
5 0.225 0.691
6 0.474 0.773
7 0.74 0.752
8 0.889 0.559
9 0.857 0.35
10 0.71 0.271
11 0.573 0.258
12 0.396 0.324
13 0.317 0.442
14 0.32 0.521
15 0.382 0.606
16 0.621 0.664
17 0.724 0.541
18 0.666 0.408
19 0.486 0.382
20 0.411 0.454
21 0.45 0.535
22 0.592 0.57
23 0.598 0.505
24 0.515 0.465
25 0.5 0.51
26 0.811 0.223
27 0.373 0.44
28 0.459 0.33
29 0.583 0.305
30 0.794 0.433
31 0.811 0.585
32 0.737 0.675
33 0.61 0.721
34 0.356 0.757
35 0.425 0.71
36 0.249 0.627
37 0.255 0.42
38 0.358 0.255
39 0.871 0.635
40 0.835 0.779
41 0.714 0.869
42 0.44 0.905
43 0.144 0.81
44 0.11 0.479
45 0.173 0.29
46 0.275 0.143
47 0.455 0.101
48 0.593 0.094
49 0.77 0.151
50 0.191 0.764
51 0.352 0.809
52 0.673 0.83
end level

level 43
width 9
height 11
objects
0 0.086 0.586
1 0.748 0.851
2 0.359 0.939
3 0.848 0.548
4 0.554 0.912
5 0.301 0.157
6 0.412 0.537
7 0.186 0.746
8 0.835 0.246
9 0.913 0.583
10 0.855 0.395
11 0.474 0.493
12 0.473 0.078
13 0.722 0.06
14 0.157 0.858
15 0.572 0.158
16 0.823 0.5
17 0.638 0.719
18 0.787 0.639
19 0.461 0.604
20 0.704 0.739
21 0.681 0.918
22 0.206 0.585
23 0.2 0.448
24 0.824 0.767
25 0.735 0.487
26 0.416 0.312
27 0.337 0.419
28 0.85 0.639
29 0.602 0.254
30 0.272 0.283
31 0.635 0.513
32 0.884 0.484
33 0.715 0.565
34 0.087 0.766
35 0.119 0.822
36 0.449 0.377
37 0.251 0.692
38 0.815 0.466
39 0.753 0.237
40 0.219 0.917
41 0.655 0.373
42 0.476 0.417
43 0.873 0.525
44 0.354 0.646
45 0.543 0.644
46 0.498 0.796
47 0.333 0.797
links
1 0
2 1
3 2
4 3
5 4
6 5
7 6
8 0
9 8
10 9
11 10
12 11
13 12
7 14
0 14
14 13
16 15
17 16
18 17
19 18
20 19
21 20
22 21
23 22
23 15
25 24
26 25
27 26
28 27
28 24
29 3
30 29
31 30
32 31
33 32
34 33
34 14
35 0
36 35
36 31
37 31
38 37
38 31
39 35
40 39
40 34
42 41
43 42
44 43
45 44
46 45
47 46
47 41
42 14
44 10
8 1
result
0 0.337 0.419
1 0.2 0.448
2 0.086 0.586
3 0.087 0.766
4 0.681 0.918
5 0.638 0.719
6 0.787 0.639
7 0.848 0.548
8 0.272 0.283
9 0.301 0.157
10 0.473 0.078
11 0.722 0.06
12 0.835 0.246
13 0.855 0.395
14 0.735 0.487
15 0.815 0.466
16 0.823 0.5
17 0.873 0.525
18 0.85 0.639
19 0.704 0.739
20 0.748 0.851
21 0.824 0.767
22 0.913 0.583
23 0.884 0.484
24 0.119 0.822
25 0.554 0.912
26 0.359 0.939
27 0.219 0.917
28 0.157 0.858
29 0.206 0.585
30 0.354 0.646
31 0.333 0.797
32 0.498 0.796
33 0.543 0.644
34 0.715 0.565
35 0.412 0.537
36 0.461 0.604
37 0.251 0.692
38 0.186 0.746
39 0.474 0.493
40 0.635 0.513
41 0.476 0.417
42 0.655 0.373
43 0.753 0.237
44 0.572 0.158
45 0.416 0.312
46 0.449 0.377
47 0.602 0.254
end level

level 44
width 9
height 11
objects
0 0.66 0.451
1 0.081 0.657
2 0.634 0.385
3 0.815 0.735
4 0.882 0.778
5 0.413 0.723
6 0.497 0.924
7 0.182 0.469
8 0.498 0.671
9 0.324 0.811
10 0.717 0.692
11 0.634 0.13
12 0.847 0.545
13 0.918 0.247
14 0.832 0.282
15 0.25 0.579
16 0.29 0.234
17 0.899 0.663
18 0.311 0.526
19 0.73 0.898
20 0.114 0.22
21 0.53 0.498
22 0.365 0.898
23 0.75 0.396
24 0.152 0.728
25 0.79 0.465
26 0.917 0.548
27 0.17 0.654
28 0.806 0.615
29 0.689 0.828
30 0.422 0.563
31 0.466 0.618
32 0.178 0.231
33 0.368 0.353
34 0.436 0.437
35 0.315 0.443
36 0.235 0.719
37 0.725 0.563
38 0.535 0.312
39 0.226 0.1
40 0.232 0.791
41 0.731 0.51
42 0.457 0.084
43 0.836 0.44
44 0.375 0.603
45 0.605 0.58
46 0.263 0.665
47 0.132 0.604
48 0.415 0.845
49 0.728 0.075
50 0.437 0.195
51 0.554 0.559
52 0.238 0.42
53 0.569 0.709
54 0.095 0.383
links
1 0
2 1
3 2
4 3
5 4
6 5
7 6
8 7
8 0
9 0
10 9
11 10
12 11
13 12
14 13
15 14
16 15
17 16
18 17
18 0
19 0
20 19
21 20
22 21
23 22
25 24
26 25
27 26
27 0
29 28
30 29
31 30
32 31
33 32
34 33
35 34
36 35
36 28
38 37
39 38
40 39
41 40
42 41
43 42
43 37
45 44
46 45
47 46
48 47
49 48
50 49
51 50
51 44
52 29
52 35
52 33
53 51
53 47
53 49
40 43
43 38
24 54
23 54
result
0 0.554 0.559
1 0.315 0.443
2 0.29 0.234
3 0.457 0.084
4 0.728 0.075
5 0.918 0.247
6 0.917 0.548
7 0.79 0.465
8 0.66 0.451
9 0.731 0.51
10 0.847 0.545
11 0.899 0.663
12 0.882 0.778
13 0.73 0.898
14 0.497 0.924
15 0.365 0.898
16 0.232 0.791
17 0.413 0.723
18 0.498 0.671
19 0.466 0.618
20 0.235 0.719
21 0.152 0.728
22 0.081 0.657
23 0.095 0.383
24 0.226 0.1
25 0.238 0.42
26 0.311 0.526
27 0.422 0.563
28 0.436 0.437
29 0.53 0.498
30 0.634 0.385
31 0.75 0.396
32 0.836 0.44
33 0.832 0.282
34 0.634 0.13
35 0.437 0.195
36 0.368 0.353
37 0.375 0.603
38 0.263 0.665
39 0.17 0.654
40 0.132 0.604
41 0.178 0.231
42 0.182 0.469
43 0.25 0.579
44 0.605 0.58
45 0.725 0.563
46 0.806 0.615
47 0.815 0.735
48 0.689 0.828
49 0.415 0.845
50 0.324 0.811
51 0.569 0.709
52 0.535 0.312
53 0.717 0.692
54 0.114 0.22
end level

level 45
width 9
height 11
objects
0 0.116 0.28
1 0.505 0.047
2 0.791 0.795
3 0.797 0.559
4 0.705 0.3
5 0.578 0.538
6 0.206 0.3
7 0.603 0.678
8 0.72 0.68
9 0.33 0.085
10 0.412 0.952
11 0.417 0.302
12 0.795 0.233
13 0.266 0.821
14 0.605 0.451
15 0.439 0.079
16 0.194 0.705
17 0.707 0.822
18 0.753 0.472
19 0.883 0.634
20 0.861 0.357
21 0.553 0.127
22 0.589 0.885
23 0.823 0.33
24 0.449 0.122
25 0.12 0.364
26 0.296 0.754
27 0.364 0.872
28 0.73 0.355
29 0.606 0.162
30 0.35 0.787
31 0.192 0.417
32 0.169 0.646
33 0.342 0.426
34 0.485 0.601
35 0.223 0.769
36 0.539 0.292
37 0.48 0.177
38 0.51 0.473
39 0.206 0.18
40 0.331 0.245
41 0.427 0.384
42 0.12 0.515
43 0.432 0.773
44 0.356 0.162
45 0.422 0.695
46 0.302 0.911
links
1 0
2 1
4 3
5 4
6 5
7 6
7 0
9 8
10 9
11 10
12 11
13 12
14 13
15 14
16 15
17 16
18 17
19 18
20 19
21 20
21 8
23 22
24 23
25 24
26 25
27 26
28 27
29 28
30 29
31 30
31 22
33 32
34 33
35 34
36 35
37 36
38 37
38 32
40 39
41 40
42 41
43 42
44 43
44 39
3 46
2 46
45 46
45 2
6 4
16 14
26 28
18 9
1 7
7 2
11 13
33 37
result
0 0.449 0.122
1 0.331 0.245
2 0.192 0.417
3 0.194 0.705
4 0.296 0.754
5 0.51 0.473
6 0.342 0.426
7 0.417 0.302
8 0.48 0.177
9 0.427 0.384
10 0.605 0.451
11 0.578 0.538
12 0.485 0.601
13 0.432 0.773
14 0.412 0.952
15 0.589 0.885
16 0.603 0.678
17 0.753 0.472
18 0.73 0.355
19 0.539 0.292
20 0.553 0.127
21 0.505 0.047
22 0.606 0.162
23 0.705 0.3
24 0.823 0.33
25 0.797 0.559
26 0.72 0.68
27 0.707 0.822
28 0.791 0.795
29 0.883 0.634
30 0.861 0.357
31 0.795 0.233
32 0.356 0.162
33 0.206 0.3
34 0.12 0.364
35 0.116 0.28
36 0.206 0.18
37 0.33 0.085
38 0.439 0.079
39 0.223 0.769
40 0.35 0.787
41 0.422 0.695
42 0.364 0.872
43 0.302 0.911
44 0.266 0.821
45 0.12 0.515
46 0.169 0.646
end level

level 46
width 9
height 11
objects
0 0.487 0.48
1 0.653 0.509
2 0.566 0.125
3 0.589 0.286
4 0.228 0.841
5 0.562 0.574
6 0.409 0.424
7 0.359 0.53
8 0.567 0.504
9 0.728 0.845
10 0.417 0.874
11 0.389 0.262
12 0.72 0.343
13 0.288 0.672
14 0.564 0.401
15 0.619 0.636
16 0.262 0.175
17 0.913 0.407
18 0.497 0.58
19 0.11 0.349
20 0.277 0.371
21 0.65 0.719
22 0.086 0.606
23 0.888 0.668
24 0.422 0.652
25 0.782 0.219
26 0.454 0.549
27 0.771 0.496
28 0.751 0.637
29 0.214 0.496
30 0.429 0.746
links
1 0
2 1
3 2
4 3
5 4
6 5
7 6
8 7
9 8
9 0
11 10
12 11
13 12
14 13
15 14
16 15
17 16
18 17
19 18
19 10
21 20
22 21
23 22
24 23
25 24
25 20
27 26
28 27
29 28
30 29
30 26
26 20
20 10
10 1
27 21
21 12
12 3
28 23
23 15
15 6
29 24
24 17
17 8
30 25
25 19
19 0
16 7
11 2
14 5
18 9
22 13
13 4
28 22
result
0 0.262 0.175
1 0.566 0.125
2 0.782 0.219
3 0.913 0.407
4 0.888 0.668
5 0.728 0.845
6 0.417 0.874
7 0.228 0.841
8 0.086 0.606
9 0.11 0.349
10 0.389 0.262
11 0.589 0.286
12 0.72 0.343
13 0.771 0.496
14 0.751 0.637
15 0.65 0.719
16 0.429 0.746
17 0.288 0.672
18 0.214 0.496
19 0.277 0.371
20 0.409 0.424
21 0.564 0.401
22 0.653 0.509
23 0.619 0.636
24 0.422 0.652
25 0.359 0.53
26 0.487 0.48
27 0.567 0.504
28 0.562 0.574
29 0.497 0.58
30 0.454 0.549
end level

level 47
width 10
height 13
objects
0 0.336 0.846
1 0.387 0.536
2 0.872 0.513
3 0.805 0.693
4 0.74 0.526
5 0.461 0.533
6 0.558 0.667
7 0.435 0.338
8 0.313 0.183
9 0.606 0.869
10 0.253 0.691
11 0.536 0.155
12 0.476 0.204
13 0.634 0.818
14 0.464 0.416
15 0.333 0.509
16 0.833 0.122
17 0.384 0.206
18 0.127 0.405
19 0.415 0.605
20 0.485 0.731
21 0.134 0.624
22 0.532 0.525
23 0.748 0.686
24 0.774 0.158
25 0.168 0.422
26 0.845 0.777
27 0.714 0.265
28 0.423 0.863
29 0.527 0.416
30 0.247 0.443
31 0.267 0.402
32 0.225 0.879
33 0.249 0.568
34 0.563 0.472
35 0.567 0.774
36 0.752 0.33
37 0.619 0.39
38 0.679 0.797
39 0.824 0.269
40 0.638 0.246
41 0.314 0.782
42 0.428 0.905
43 0.681 0.17
44 0.662 0.887
45 0.258 0.604
46 0.247 0.273
47 0.284 0.488
48 0.539 0.318
49 0.673 0.245
50 0.647 0.3
51 0.641 0.569
52 0.463 0.383
53 0.555 0.094
54 0.254 0.531
55 0.618 0.697
56 0.177 0.497
57 0.175 0.329
58 0.449 0.819
59 0.417 0.699
60 0.157 0.748
61 0.265 0.774
62 0.673 0.492
63 0.384 0.42
64 0.543 0.234
65 0.328 0.286
66 0.218 0.124
67 0.575 0.335
68 0.872 0.339
69 0.237 0.808
70 0.586 0.204
71 0.32 0.445
72 0.651 0.716
73 0.484 0.621
74 0.762 0.416
75 0.215 0.339
76 0.821 0.561
77 0.69 0.735
links
1 0
2 1
3 2
4 3
6 5
7 6
8 7
9 8
10 9
11 10
12 11
14 13
15 14
16 15
17 16
18 17
19 18
20 19
21 20
22 21
24 23
25 24
26 25
28 27
29 28
30 29
31 30
32 31
33 32
33 23
35 34
36 35
37 36
38 37
39 38
40 39
41 40
42 41
43 42
44 43
44 34
27 45
26 45
46 45
47 46
47 29
50 49
51 50
52 51
49 53
48 53
48 52
55 54
56 55
22 57
0 57
58 57
58 56
59 54
60 59
60 11
61 7
62 61
63 62
64 63
65 64
66 65
67 66
5 68
4 68
67 68
69 16
70 69
71 70
71 17
72 0
73 72
74 73
75 74
75 19
24 33
13 76
12 76
77 12
77 76
result
0 0.314 0.782
1 0.253 0.691
2 0.258 0.604
3 0.387 0.536
4 0.619 0.39
5 0.638 0.246
6 0.543 0.234
7 0.435 0.338
8 0.384 0.42
9 0.32 0.445
10 0.267 0.402
11 0.247 0.273
12 0.218 0.124
13 0.555 0.094
14 0.774 0.158
15 0.752 0.33
16 0.673 0.492
17 0.415 0.605
18 0.485 0.731
19 0.606 0.869
20 0.428 0.905
21 0.225 0.879
22 0.237 0.808
23 0.484 0.621
24 0.558 0.667
25 0.567 0.774
26 0.634 0.818
27 0.618 0.697
28 0.74 0.526
29 0.872 0.339
30 0.833 0.122
31 0.824 0.269
32 0.762 0.416
33 0.641 0.569
34 0.463 0.383
35 0.539 0.318
36 0.575 0.335
37 0.527 0.416
38 0.333 0.509
39 0.254 0.531
40 0.168 0.422
41 0.215 0.339
42 0.247 0.443
43 0.284 0.488
44 0.464 0.416
45 0.651 0.716
46 0.748 0.686
47 0.821 0.561
48 0.69 0.735
49 0.662 0.887
50 0.845 0.777
51 0.872 0.513
52 0.805 0.693
53 0.679 0.797
54 0.177 0.497
55 0.249 0.568
56 0.134 0.624
57 0.265 0.774
58 0.157 0.748
59 0.127 0.405
60 0.175 0.329
61 0.384 0.206
62 0.476 0.204
63 0.536 0.155
64 0.586 0.204
65 0.681 0.17
66 0.673 0.245
67 0.714 0.265
68 0.647 0.3
69 0.563 0.472
70 0.532 0.525
71 0.461 0.533
72 0.417 0.699
73 0.336 0.846
74 0.449 0.819
75 0.423 0.863
76 0.313 0.183
77 0.328 0.286
end level

level 48
width 10
height 13
objects
0 0.348 0.085
1 0.693 0.55
2 0.23 0.494
3 0.118 0.59
4 0.771 0.359
5 0.445 0.161
6 0.843 0.7
7 0.662 0.842
8 0.3 0.781
9 0.627 0.251
10 0.391 0.722
11 0.276 0.7
12 0.395 0.807
13 0.544 0.631
14 0.207 0.141
15 0.121 0.329
16 0.51 0.363
17 0.522 0.81
18 0.32 0.282
19 0.704 0.684
20 0.257 0.634
21 0.866 0.591
22 0.367 0.602
23 0.212 0.248
24 0.464 0.749
25 0.294 0.165
26 0.643 0.203
27 0.647 0.127
28 0.602 0.867
29 0.849 0.829
30 0.497 0.905
31 0.784 0.058
32 0.869 0.132
33 0.098 0.456
34 0.803 0.46
35 0.211 0.605
36 0.386 0.678
37 0.555 0.268
38 0.529 0.54
39 0.766 0.707
40 0.544 0.71
41 0.51 0.161
42 0.45 0.498
43 0.757 0.157
44 0.76 0.904
45 0.833 0.526
46 0.473 0.681
47 0.417 0.548
48 0.608 0.434
49 0.624 0.793
50 0.593 0.621
51 0.878 0.465
52 0.566 0.838
53 0.901 0.314
54 0.665 0.93
55 0.37 0.483
56 0.451 0.621
57 0.324 0.846
58 0.484 0.854
59 0.451 0.8
60 0.435 0.868
61 0.467 0.941
62 0.277 0.546
63 0.8 0.289
64 0.714 0.873
65 0.544 0.776
66 0.5 0.42
67 0.679 0.366
68 0.23 0.372
69 0.364 0.429
70 0.631 0.074
71 0.126 0.705
72 0.322 0.63
73 0.397 0.388
74 0.722 0.621
75 0.306 0.588
76 0.784 0.779
77 0.373 0.195
78 0.355 0.228
79 0.458 0.276
80 0.711 0.504
81 0.491 0.09
82 0.425 0.347
83 0.633 0.717
links
1 0
2 1
3 2
4 3
5 4
6 5
8 7
9 8
10 9
11 10
12 11
13 12
14 13
15 14
16 15
16 0
7 6
18 17
19 18
20 19
21 20
22 21
23 22
24 23
25 24
26 25
27 26
28 27
29 28
30 29
30 17
32 31
33 32
34 33
35 34
36 35
37 36
39 38
40 39
41 40
42 41
43 42
43 31
38 44
37 44
46 45
48 47
49 48
50 49
51 50
52 45
54 53
55 54
56 55
57 56
58 57
58 53
59 8
60 59
61 60
62 61
63 62
64 63
64 0
65 31
66 65
67 66
68 67
69 68
70 69
70 40
47 71
46 71
72 45
73 72
52 74
51 74
75 73
75 48
76 17
77 76
78 77
78 29
79 58
80 79
80 53
81 9
81 59
82 26
83 82
83 24
82 23
result
0 0.348 0.085
1 0.207 0.141
2 0.212 0.248
3 0.355 0.228
4 0.458 0.276
5 0.425 0.347
6 0.32 0.282
7 0.121 0.329
8 0.098 0.456
9 0.118 0.59
10 0.277 0.546
11 0.364 0.429
12 0.5 0.42
13 0.679 0.366
14 0.627 0.251
15 0.445 0.161
16 0.491 0.09
17 0.51 0.161
18 0.631 0.074
19 0.784 0.058
20 0.869 0.132
21 0.901 0.314
22 0.803 0.46
23 0.45 0.498
24 0.544 0.631
25 0.473 0.681
26 0.367 0.602
27 0.37 0.483
28 0.608 0.434
29 0.771 0.359
30 0.643 0.203
31 0.529 0.54
32 0.711 0.504
33 0.833 0.526
34 0.878 0.465
35 0.866 0.591
36 0.766 0.707
37 0.544 0.776
38 0.435 0.868
39 0.467 0.941
40 0.324 0.846
41 0.391 0.722
42 0.544 0.71
43 0.593 0.621
44 0.451 0.8
45 0.497 0.905
46 0.484 0.854
47 0.624 0.793
48 0.784 0.779
49 0.843 0.7
50 0.849 0.829
51 0.76 0.904
52 0.602 0.867
53 0.3 0.781
54 0.386 0.678
55 0.322 0.63
56 0.306 0.588
57 0.211 0.605
58 0.126 0.705
59 0.23 0.372
60 0.397 0.388
61 0.51 0.363
62 0.555 0.268
63 0.373 0.195
64 0.294 0.165
65 0.693 0.55
66 0.722 0.621
67 0.704 0.684
68 0.633 0.717
69 0.464 0.749
70 0.395 0.807
71 0.522 0.81
72 0.566 0.838
73 0.662 0.842
74 0.665 0.93
75 0.714 0.873
76 0.647 0.127
77 0.757 0.157
78 0.8 0.289
79 0.257 0.634
80 0.276 0.7
81 0.23 0.494
82 0.417 0.548
83 0.451 0.621
end level

level 49
width 10
height 13
objects
0 0.603 0.209
1 0.46 0.637
2 0.504 0.519
3 0.342 0.625
4 0.361 0.425
5 0.518 0.205
6 0.852 0.754
7 0.603 0.456
8 0.563 0.149
9 0.186 0.603
10 0.324 0.943
11 0.728 0.346
12 0.758 0.565
13 0.604 0.056
14 0.181 0.415
15 0.631 0.298
16 0.909 0.445
17 0.849 0.498
18 0.722 0.793
19 0.518 0.439
20 0.707 0.645
21 0.574 0.277
22 0.584 0.728
23 0.836 0.056
24 0.74 0.499
25 0.46 0.729
26 0.284 0.266
27 0.853 0.128
28 0.152 0.36
29 0.324 0.516
30 0.604 0.632
31 0.492 0.106
32 0.81 0.341
33 0.349 0.791
34 0.09 0.337
35 0.682 0.16
36 0.887 0.235
37 0.804 0.486
38 0.316 0.787
39 0.368 0.116
40 0.38 0.297
41 0.238 0.618
42 0.223 0.726
43 0.63 0.669
44 0.415 0.346
45 0.362 0.846
46 0.178 0.287
47 0.095 0.501
48 0.654 0.497
49 0.261 0.175
50 0.631 0.864
51 0.758 0.719
52 0.154 0.741
53 0.782 0.168
54 0.845 0.624
55 0.468 0.859
56 0.399 0.669
57 0.829 0.379
58 0.164 0.89
59 0.461 0.373
60 0.275 0.455
61 0.737 0.062
62 0.686 0.342
links
1 0
2 1
3 2
4 3
5 4
6 5
7 6
8 7
9 8
10 9
11 10
12 11
13 12
14 13
15 14
15 0
17 16
18 17
19 18
19 14
16 8
20 5
21 20
22 21
23 22
24 23
24 0
26 25
27 26
28 27
29 28
30 29
31 30
32 31
33 32
34 33
35 34
35 25
37 36
38 37
39 38
40 39
41 40
42 41
43 42
44 43
45 44
46 45
46 36
47 46
48 47
49 48
49 43
50 34
51 50
52 51
53 52
54 53
54 31
55 26
56 55
57 56
58 57
59 58
60 59
60 30
61 22
62 61
62 20
13 3
55 34
44 40
38 45
15 1
9 6
21 27
result
0 0.164 0.89
1 0.316 0.787
2 0.342 0.625
3 0.518 0.439
4 0.686 0.342
5 0.782 0.168
6 0.836 0.056
7 0.737 0.062
8 0.563 0.149
9 0.682 0.16
10 0.631 0.298
11 0.461 0.373
12 0.361 0.425
13 0.324 0.516
14 0.238 0.618
15 0.223 0.726
16 0.603 0.209
17 0.574 0.277
18 0.415 0.346
19 0.275 0.455
20 0.728 0.346
21 0.654 0.497
22 0.46 0.637
23 0.399 0.669
24 0.349 0.791
25 0.362 0.846
26 0.46 0.729
27 0.604 0.632
28 0.74 0.499
29 0.81 0.341
30 0.853 0.128
31 0.887 0.235
32 0.849 0.498
33 0.758 0.719
34 0.468 0.859
35 0.324 0.943
36 0.154 0.741
37 0.186 0.603
38 0.181 0.415
39 0.38 0.297
40 0.518 0.205
41 0.492 0.106
42 0.604 0.056
43 0.368 0.116
44 0.284 0.266
45 0.152 0.36
46 0.095 0.501
47 0.09 0.337
48 0.178 0.287
49 0.261 0.175
50 0.631 0.864
51 0.722 0.793
52 0.852 0.754
53 0.845 0.624
54 0.909 0.445
55 0.584 0.728
56 0.63 0.669
57 0.707 0.645
58 0.758 0.565
59 0.804 0.486
60 0.829 0.379
61 0.504 0.519
62 0.603 0.456
end level

level 50
width 9
height 11
objects
0 0.292 0.742
1 0.756 0.349
2 0.583 0.408
3 0.475 0.295
4 0.578 0.239
5 0.869 0.929
6 0.615 0.7
7 0.446 0.892
8 0.854 0.297
9 0.661 0.175
10 0.09 0.699
11 0.363 0.257
12 0.194 0.665
13 0.258 0.213
14 0.69 0.626
15 0.396 0.161
16 0.373 0.716
17 0.373 0.05
18 0.075 0.828
19 0.152 0.523
20 0.309 0.806
21 0.429 0.369
22 0.209 0.449
23 0.661 0.724
24 0.461 0.864
25 0.25 0.353
26 0.752 0.76
27 0.273 0.272
28 0.862 0.561
29 0.45 0.631
30 0.826 0.842
31 0.422 0.82
32 0.211 0.757
33 0.871 0.171
34 0.732 0.714
35 0.2 0.596
36 0.924 0.497
37 0.464 0.082
38 0.402 0.229
39 0.171 0.93
40 0.576 0.536
41 0.909 0.626
42 0.227 0.884
43 0.744 0.228
44 0.607 0.831
45 0.32 0.071
46 0.206 0.82
47 0.356 0.495
48 0.434 0.949
49 0.773 0.624
50 0.78 0.538
51 0.318 0.773
52 0.909 0.296
53 0.592 0.105
54 0.117 0.343
55 0.573 0.2
56 0.718 0.356
57 0.746 0.509
58 0.322 0.353
59 0.446 0.739
61 0.605 0.633
62 0.846 0.511
63 0.127 0.225
64 0.635 0.864
60 0.284 0.645
65 0.216 0.188
links
1 0
2 1
3 2
4 3
5 4
6 5
7 6
8 7
8 0
10 9
11 10
12 11
13 12
14 13
16 15
17 16
18 17
19 18
20 19
21 20
22 21
24 23
25 24
26 25
27 26
27 8
28 27
29 28
30 29
31 30
31 14
32 24
33 32
33 15
34 21
35 34
35 17
15 36
14 36
38 37
39 38
40 39
41 40
43 42
44 43
45 44
46 45
47 46
48 47
49 48
50 49
51 50
52 51
53 52
54 53
54 37
48 6
55 25
56 55
23 57
22 57
57 56
0 26
24 29
30 11
9 58
7 58
58 28
10 50
62 61
42 63
41 63
64 59
64 62
60 59
65 60
65 61
result
0 0.209 0.449
1 0.117 0.343
2 0.127 0.225
3 0.32 0.071
4 0.216 0.188
5 0.258 0.213
6 0.373 0.05
7 0.273 0.272
8 0.25 0.353
9 0.402 0.229
10 0.578 0.239
11 0.718 0.356
12 0.746 0.509
13 0.605 0.633
14 0.373 0.716
15 0.206 0.82
16 0.461 0.864
17 0.661 0.724
18 0.869 0.929
19 0.635 0.864
20 0.434 0.949
21 0.227 0.884
22 0.171 0.93
23 0.194 0.665
24 0.356 0.495
25 0.152 0.523
26 0.429 0.369
27 0.322 0.353
28 0.475 0.295
29 0.583 0.408
30 0.576 0.536
31 0.45 0.631
32 0.284 0.645
33 0.211 0.757
34 0.446 0.892
35 0.607 0.831
36 0.292 0.742
37 0.318 0.773
38 0.309 0.806
39 0.422 0.82
40 0.615 0.7
41 0.732 0.714
42 0.846 0.511
43 0.854 0.297
44 0.871 0.171
45 0.592 0.105
46 0.661 0.175
47 0.464 0.082
48 0.396 0.161
49 0.573 0.2
50 0.744 0.228
51 0.756 0.349
52 0.78 0.538
53 0.69 0.626
54 0.446 0.739
55 0.2 0.596
56 0.09 0.699
57 0.075 0.828
58 0.363 0.257
59 0.752 0.76
61 0.924 0.497
62 0.909 0.296
63 0.773 0.624
64 0.862 0.561
60 0.826 0.842
65 0.909 0.626
end level

level 51
width 9
height 11
objects
0 0.258 0.476
1 0.851 0.604
2 0.844 0.715
3 0.704 0.382
4 0.165 0.161
5 0.175 0.352
6 0.818 0.887
7 0.42 0.74
8 0.894 0.503
9 0.476 0.732
10 0.782 0.437
11 0.712 0.419
12 0.51 0.788
13 0.336 0.132
14 0.675 0.898
15 0.53 0.893
16 0.201 0.51
17 0.37 0.716
18 0.328 0.533
19 0.73 0.457
20 0.699 0.205
21 0.128 0.101
22 0.461 0.112
23 0.264 0.434
24 0.249 0.803
25 0.766 0.763
26 0.105 0.276
27 0.476 0.349
28 0.356 0.497
29 0.489 0.875
30 0.114 0.506
31 0.461 0.222
links
1 0
2 1
3 2
3 0
4 0
5 4
2 6
7 6
5 8
6 8
4 8
7 1
9 7
9 8
10 8
10 5
10 4
11 0
11 1
12 3
12 2
9 14
4 14
15 13
16 15
17 16
17 13
19 18
20 19
20 18
22 21
23 22
24 23
25 24
26 25
26 21
28 27
29 28
30 29
31 30
31 27
31 28
26 22
result
0 0.114 0.506
1 0.489 0.875
2 0.894 0.503
3 0.461 0.112
4 0.264 0.434
5 0.461 0.222
6 0.782 0.437
7 0.51 0.788
8 0.704 0.382
9 0.42 0.74
10 0.476 0.349
11 0.249 0.803
12 0.699 0.205
13 0.201 0.51
14 0.356 0.497
15 0.258 0.476
16 0.328 0.533
17 0.37 0.716
18 0.476 0.732
19 0.73 0.457
20 0.712 0.419
21 0.53 0.893
22 0.851 0.604
23 0.844 0.715
24 0.818 0.887
25 0.675 0.898
26 0.766 0.763
27 0.175 0.352
28 0.336 0.132
29 0.128 0.101
30 0.165 0.161
31 0.105 0.276
end level

level 52
width 9
height 11
objects
0 0.796 0.47
1 0.543 0.313
2 0.162 0.614
3 0.075 0.717
4 0.1 0.854
5 0.715 0.188
6 0.193 0.892
7 0.831 0.049
8 0.847 0.677
9 0.23 0.16
10 0.683 0.383
11 0.807 0.218
12 0.571 0.626
13 0.231 0.592
14 0.149 0.51
15 0.363 0.361
16 0.672 0.313
17 0.924 0.406
18 0.318 0.653
19 0.728 0.853
20 0.484 0.956
21 0.494 0.841
22 0.601 0.708
23 0.422 0.722
24 0.641 0.611
25 0.724 0.516
26 0.712 0.906
27 0.182 0.102
28 0.259 0.485
29 0.12 0.264
30 0.315 0.811
31 0.523 0.182
32 0.683 0.804
33 0.452 0.439
34 0.787 0.849
35 0.397 0.93
36 0.577 0.861
37 0.63 0.893
38 0.303 0.126
39 0.374 0.559
40 0.137 0.796
41 0.197 0.462
42 0.449 0.283
43 0.539 0.49
44 0.112 0.39
45 0.163 0.174
46 0.278 0.101
47 0.166 0.312
48 0.245 0.377
49 0.38 0.449
50 0.191 0.22
51 0.117 0.163
52 0.703 0.049
53 0.554 0.924
54 0.825 0.537
55 0.234 0.121
56 0.223 0.315
57 0.4 0.279
58 0.792 0.65
59 0.185 0.661
60 0.319 0.591
61 0.461 0.902
62 0.427 0.521
63 0.442 0.043
64 0.513 0.891
65 0.752 0.136
66 0.847 0.899
67 0.178 0.727
68 0.566 0.219
69 0.693 0.945
70 0.307 0.051
71 0.459 0.583
72 0.2 0.833
73 0.633 0.274
74 0.511 0.801
75 0.437 0.854
76 0.757 0.22
77 0.313 0.502
78 0.382 0.158
79 0.801 0.399
80 0.427 0.181
81 0.733 0.45
82 0.398 0.665
83 0.281 0.316
84 0.867 0.271
85 0.848 0.35
86 0.588 0.426
87 0.25 0.691
88 0.352 0.848
89 0.738 0.584
90 0.112 0.741
91 0.3 0.249
92 0.381 0.729
links
1 0
2 1
3 2
4 3
5 4
6 5
7 6
8 7
9 8
10 9
11 10
12 11
13 12
13 0
14 0
15 14
16 15
17 16
18 17
19 18
20 19
21 20
22 21
23 22
24 23
25 24
25 0
26 0
27 26
28 27
29 28
30 29
31 30
33 32
33 0
35 34
36 35
37 36
38 37
39 38
40 39
41 40
42 41
43 42
45 44
46 45
47 46
48 47
49 48
50 49
51 34
52 34
53 52
54 53
55 54
57 56
58 57
59 58
56 60
55 60
61 59
62 61
63 62
63 34
64 11
65 64
66 65
67 66
68 67
69 68
69 7
70 16
71 70
72 71
73 72
73 20
74 33
32 75
31 75
76 74
77 76
78 77
79 78
80 79
81 80
81 30
82 43
44 83
43 83
84 82
85 84
86 85
87 86
87 45
88 38
89 88
90 89
91 90
51 92
50 92
91 40
result
0 0.422 0.722
1 0.459 0.583
2 0.427 0.521
3 0.38 0.449
4 0.363 0.361
5 0.4 0.279
6 0.523 0.182
7 0.752 0.136
8 0.831 0.049
9 0.807 0.218
10 0.672 0.313
11 0.452 0.439
12 0.539 0.49
13 0.571 0.626
14 0.601 0.708
15 0.641 0.611
16 0.588 0.426
17 0.683 0.383
18 0.848 0.35
19 0.867 0.271
20 0.924 0.406
21 0.825 0.537
22 0.738 0.584
23 0.792 0.65
24 0.683 0.804
25 0.511 0.801
26 0.494 0.841
27 0.577 0.861
28 0.728 0.853
29 0.847 0.677
30 0.847 0.899
31 0.693 0.945
32 0.397 0.93
33 0.352 0.848
34 0.398 0.665
35 0.381 0.729
36 0.315 0.811
37 0.193 0.892
38 0.1 0.854
39 0.075 0.717
40 0.162 0.614
41 0.149 0.51
42 0.112 0.39
43 0.12 0.264
44 0.182 0.102
45 0.307 0.051
46 0.442 0.043
47 0.303 0.126
48 0.166 0.312
49 0.197 0.462
50 0.231 0.592
51 0.2 0.833
52 0.318 0.653
53 0.319 0.591
54 0.259 0.485
55 0.245 0.377
56 0.3 0.249
57 0.382 0.158
58 0.703 0.049
59 0.427 0.181
60 0.223 0.315
61 0.281 0.316
62 0.313 0.502
63 0.374 0.559
64 0.449 0.283
65 0.543 0.313
66 0.566 0.219
67 0.633 0.274
68 0.715 0.188
69 0.757 0.22
70 0.724 0.516
71 0.733 0.45
72 0.796 0.47
73 0.801 0.399
74 0.437 0.854
75 0.484 0.956
76 0.461 0.902
77 0.513 0.891
78 0.554 0.924
79 0.63 0.893
80 0.712 0.906
81 0.787 0.849
82 0.191 0.22
83 0.117 0.163
84 0.163 0.174
85 0.23 0.16
86 0.234 0.121
87 0.278 0.101
88 0.137 0.796
89 0.112 0.741
90 0.178 0.727
91 0.185 0.661
92 0.25 0.691
end level

level 53
width 9
height 11
objects
0 0.917 0.229
1 0.24 0.418
2 0.391 0.112
3 0.768 0.352
4 0.271 0.754
5 0.489 0.296
6 0.431 0.435
7 0.068 0.505
8 0.572 0.205
9 0.164 0.916
10 0.222 0.634
11 0.313 0.454
12 0.464 0.212
13 0.885 0.912
14 0.854 0.09
15 0.931 0.613
16 0.14 0.262
17 0.175 0.084
18 0.823 0.65
19 0.751 0.566
20 0.434 0.59
21 0.84 0.435
22 0.503 0.644
23 0.589 0.301
24 0.252 0.275
25 0.572 0.539
26 0.352 0.539
27 0.82 0.172
28 0.653 0.822
links
1 0
2 1
3 2
4 3
5 4
6 5
7 6
8 7
8 0
10 9
11 10
12 11
12 3
13 12
14 13
14 9
15 6
16 15
17 16
17 6
18 2
18 5
18 6
20 19
21 20
22 21
23 22
23 19
25 24
26 25
27 26
27 24
28 10
28 11
result
0 0.854 0.09
1 0.572 0.205
2 0.489 0.296
3 0.313 0.454
4 0.222 0.634
5 0.164 0.916
6 0.823 0.65
7 0.84 0.435
8 0.917 0.229
9 0.175 0.084
10 0.391 0.112
11 0.464 0.212
12 0.24 0.418
13 0.068 0.505
14 0.14 0.262
15 0.653 0.822
16 0.885 0.912
17 0.931 0.613
18 0.503 0.644
19 0.589 0.301
20 0.572 0.539
21 0.751 0.566
22 0.768 0.352
23 0.82 0.172
24 0.431 0.435
25 0.434 0.59
26 0.271 0.754
27 0.352 0.539
28 0.252 0.275
end level

level 54
width 9
height 11
objects
0 0.747 0.382
1 0.518 0.14
2 0.896 0.435
3 0.35 0.467
4 0.649 0.407
5 0.102 0.25
6 0.456 0.621
7 0.217 0.379
8 0.847 0.089
9 0.623 0.68
10 0.707 0.265
11 0.449 0.866
12 0.196 0.856
13 0.52 0.405
14 0.39 0.184
15 0.282 0.251
16 0.868 0.837
17 0.472 0.721
18 0.121 0.928
19 0.863 0.252
20 0.166 0.133
21 0.576 0.801
22 0.544 0.217
23 0.882 0.607
24 0.447 0.302
25 0.371 0.569
26 0.766 0.698
27 0.25 0.452
28 0.748 0.895
29 0.299 0.071
30 0.827 0.749
31 0.11 0.54
32 0.282 0.756
33 0.748 0.531
34 0.898 0.661
35 0.373 0.374
36 0.546 0.532
links
1 0
2 1
3 2
4 3
5 4
6 5
7 6
8 7
9 8
10 9
11 10
12 11
13 12
14 13
15 14
16 15
17 16
18 17
19 18
20 19
21 20
22 21
23 22
24 23
24 0
26 25
27 26
28 27
29 28
30 29
31 30
32 31
33 32
33 25
8 0
9 12
14 21
14 20
2 6
27 33
35 34
36 35
36 34
result
0 0.52 0.405
1 0.373 0.374
2 0.217 0.379
3 0.102 0.25
4 0.166 0.133
5 0.299 0.071
6 0.282 0.251
7 0.39 0.184
8 0.447 0.302
9 0.544 0.217
10 0.518 0.14
11 0.847 0.089
12 0.707 0.265
13 0.649 0.407
14 0.546 0.532
15 0.748 0.531
16 0.747 0.382
17 0.863 0.252
18 0.896 0.435
19 0.882 0.607
20 0.623 0.68
21 0.456 0.621
22 0.282 0.756
23 0.371 0.569
24 0.35 0.467
25 0.11 0.54
26 0.25 0.452
27 0.196 0.856
28 0.472 0.721
29 0.576 0.801
30 0.766 0.698
31 0.748 0.895
32 0.449 0.866
33 0.121 0.928
34 0.898 0.661
35 0.827 0.749
36 0.868 0.837
end level

level 55
width 9
height 12
objects
0 0.709 0.703
1 0.178 0.089
2 0.101 0.295
3 0.566 0.45
4 0.461 0.644
5 0.878 0.879
6 0.344 0.675
7 0.695 0.046
8 0.761 0.337
9 0.205 0.178
10 0.296 0.293
11 0.428 0.052
12 0.116 0.799
13 0.424 0.873
14 0.462 0.359
15 0.79 0.798
16 0.222 0.451
17 0.86 0.357
18 0.666 0.261
19 0.823 0.434
20 0.398 0.738
21 0.584 0.274
22 0.883 0.467
23 0.343 0.424
24 0.104 0.1
25 0.547 0.107
26 0.786 0.163
27 0.212 0.574
28 0.716 0.941
29 0.609 0.728
30 0.506 0.838
31 0.898 0.046
32 0.808 0.117
33 0.72 0.613
34 0.507 0.142
35 0.108 0.953
36 0.225 0.139
37 0.337 0.562
38 0.43 0.152
39 0.196 0.266
40 0.505 0.451
41 0.104 0.439
42 0.444 0.803
links
1 0
2 1
3 2
4 3
5 4
6 5
7 6
7 0
9 8
10 9
11 10
12 11
14 13
15 14
16 15
16 8
18 17
19 18
19 17
21 20
22 21
23 22
24 23
24 20
13 25
12 25
26 25
27 26
28 27
28 15
6 3
3 7
29 10
30 29
31 30
32 31
33 32
33 12
34 23
35 34
36 35
36 23
38 37
39 38
39 37
41 40
42 41
42 40
result
0 0.205 0.178
1 0.43 0.152
2 0.584 0.274
3 0.462 0.359
4 0.337 0.562
5 0.116 0.799
6 0.104 0.439
7 0.296 0.293
8 0.507 0.142
9 0.666 0.261
10 0.505 0.451
11 0.344 0.675
12 0.108 0.953
13 0.506 0.838
14 0.79 0.798
15 0.823 0.434
16 0.786 0.163
17 0.104 0.1
18 0.196 0.266
19 0.101 0.295
20 0.178 0.089
21 0.225 0.139
22 0.547 0.107
23 0.808 0.117
24 0.428 0.052
25 0.424 0.873
26 0.716 0.941
27 0.878 0.879
28 0.883 0.467
29 0.709 0.703
30 0.461 0.644
31 0.609 0.728
32 0.398 0.738
33 0.444 0.803
34 0.86 0.357
35 0.898 0.046
36 0.695 0.046
37 0.566 0.45
38 0.72 0.613
39 0.761 0.337
40 0.222 0.451
41 0.212 0.574
42 0.343 0.424
end level

level 56
width 9
height 12
objects
0 0.622 0.456
1 0.112 0.51
2 0.815 0.303
3 0.676 0.683
4 0.344 0.317
5 0.512 0.096
6 0.13 0.738
7 0.316 0.903
8 0.548 0.424
9 0.503 0.236
10 0.448 0.569
11 0.883 0.465
12 0.625 0.171
13 0.689 0.324
14 0.416 0.824
15 0.349 0.16
16 0.27 0.327
17 0.309 0.37
18 0.655 0.573
19 0.253 0.46
20 0.43 0.371
21 0.451 0.413
22 0.511 0.783
23 0.824 0.482
24 0.811 0.191
25 0.84 0.588
26 0.313 0.261
27 0.674 0.1
28 0.677 0.46
29 0.179 0.089
30 0.444 0.484
31 0.573 0.266
32 0.23 0.413
33 0.669 0.815
34 0.47 0.68
35 0.729 0.428
36 0.826 0.852
37 0.887 0.304
38 0.165 0.294
39 0.698 0.91
40 0.634 0.319
41 0.243 0.187
42 0.275 0.51
43 0.117 0.637
44 0.253 0.74
45 0.305 0.64
links
1 0
2 1
3 2
4 3
5 4
6 5
7 6
8 7
9 8
10 9
11 10
12 11
13 12
14 13
15 14
16 15
17 16
18 17
19 18
20 19
21 20
21 0
23 22
24 23
25 24
26 25
26 14
22 19
27 0
28 27
29 28
30 29
31 30
32 31
33 32
33 4
35 34
36 35
36 34
38 37
39 38
40 39
41 40
41 37
43 42
44 43
45 44
45 42
result
0 0.313 0.261
1 0.349 0.16
2 0.625 0.171
3 0.815 0.303
4 0.824 0.482
5 0.655 0.573
6 0.47 0.68
7 0.511 0.783
8 0.669 0.815
9 0.676 0.683
10 0.84 0.588
11 0.826 0.852
12 0.698 0.91
13 0.316 0.903
14 0.13 0.738
15 0.275 0.51
16 0.448 0.569
17 0.622 0.456
18 0.573 0.266
19 0.451 0.413
20 0.23 0.413
21 0.165 0.294
22 0.548 0.424
23 0.444 0.484
24 0.253 0.46
25 0.112 0.51
26 0.117 0.637
27 0.243 0.187
28 0.179 0.089
29 0.512 0.096
30 0.674 0.1
31 0.811 0.191
32 0.887 0.304
33 0.883 0.465
34 0.305 0.64
35 0.253 0.74
36 0.416 0.824
37 0.27 0.327
38 0.309 0.37
39 0.43 0.371
40 0.503 0.236
41 0.344 0.317
42 0.634 0.319
43 0.677 0.46
44 0.729 0.428
45 0.689 0.324
end level

level 57
width 9
height 12
objects
0 0.299 0.927
1 0.62 0.067
2 0.819 0.279
3 0.288 0.147
4 0.436 0.674
5 0.604 0.53
6 0.843 0.122
7 0.485 0.795
8 0.096 0.104
9 0.735 0.696
10 0.19 0.821
11 0.617 0.448
12 0.114 0.44
13 0.262 0.461
14 0.831 0.455
15 0.192 0.063
16 0.699 0.294
17 0.383 0.081
18 0.74 0.083
19 0.505 0.386
20 0.304 0.766
21 0.443 0.51
22 0.606 0.739
23 0.544 0.188
24 0.302 0.628
25 0.343 0.473
26 0.346 0.204
27 0.447 0.157
28 0.417 0.392
30 0.141 0.359
31 0.705 0.548
32 0.164 0.219
33 0.454 0.31
34 0.185 0.701
35 0.11 0.307
36 0.576 0.655
37 0.482 0.059
38 0.338 0.324
39 0.59 0.304
40 0.199 0.494
41 0.695 0.94
42 0.891 0.386
43 0.09 0.161
44 0.687 0.806
45 0.589 0.571
46 0.648 0.197
47 0.749 0.349
48 0.625 0.367
49 0.537 0.249
50 0.325 0.413
51 0.802 0.624
52 0.206 0.586
29 0.909 0.499
53 0.25 0.199
54 0.403 0.867
55 0.427 0.207
56 0.167 0.292
57 0.84 0.797
links
1 0
2 1
3 2
4 3
5 4
6 5
7 6
8 7
9 8
10 9
11 10
12 11
13 12
14 13
15 14
16 15
17 16
18 17
19 18
20 19
21 20
22 21
22 18
23 0
24 23
25 24
26 25
27 26
28 27
31 30
32 31
33 32
34 33
35 34
36 35
37 36
38 37
39 38
40 39
41 40
42 41
43 42
44 43
45 44
46 45
46 15
47 6
48 47
49 48
50 49
51 50
52 51
52 13
49 10
51 11
48 9
35 41
42 16
29 30
53 29
53 28
23 53
29 34
55 54
56 55
57 56
57 54
result
0 0.167 0.292
1 0.141 0.359
2 0.114 0.44
3 0.199 0.494
4 0.262 0.461
5 0.325 0.413
6 0.338 0.324
7 0.454 0.31
8 0.505 0.386
9 0.443 0.51
10 0.302 0.628
11 0.304 0.766
12 0.403 0.867
13 0.695 0.94
14 0.84 0.797
15 0.802 0.624
16 0.589 0.571
17 0.436 0.674
18 0.485 0.795
19 0.687 0.806
20 0.735 0.696
21 0.576 0.655
22 0.606 0.739
23 0.346 0.204
24 0.288 0.147
25 0.096 0.104
26 0.192 0.063
27 0.383 0.081
28 0.447 0.157
30 0.544 0.188
31 0.482 0.059
32 0.62 0.067
33 0.648 0.197
34 0.59 0.304
35 0.625 0.367
36 0.699 0.294
37 0.74 0.083
38 0.843 0.122
39 0.819 0.279
40 0.749 0.349
41 0.617 0.448
42 0.604 0.53
43 0.831 0.455
44 0.891 0.386
45 0.909 0.499
46 0.705 0.548
47 0.417 0.392
48 0.343 0.473
49 0.206 0.586
50 0.185 0.701
51 0.19 0.821
52 0.299 0.927
29 0.537 0.249
53 0.427 0.207
54 0.09 0.161
55 0.25 0.199
56 0.164 0.219
57 0.11 0.307
end level

level 58
width 9
height 12
objects
0 0.334 0.937
1 0.167 0.791
2 0.371 0.253
3 0.342 0.532
4 0.763 0.7
5 0.161 0.17
6 0.135 0.869
7 0.814 0.483
8 0.848 0.201
9 0.456 0.512
10 0.714 0.197
11 0.333 0.831
12 0.456 0.642
13 0.283 0.584
14 0.612 0.658
15 0.699 0.871
16 0.297 0.886
17 0.798 0.29
18 0.539 0.111
19 0.433 0.706
20 0.842 0.734
21 0.658 0.594
22 0.394 0.064
23 0.519 0.559
24 0.165 0.486
25 0.714 0.539
26 0.895 0.786
27 0.219 0.321
28 0.45 0.089
29 0.331 0.16
30 0.543 0.851
31 0.504 0.333
32 0.821 0.944
33 0.104 0.434
34 0.113 0.237
35 0.821 0.786
36 0.112 0.697
37 0.757 0.93
38 0.835 0.055
39 0.346 0.409
40 0.578 0.209
41 0.106 0.099
42 0.556 0.261
43 0.394 0.318
links
1 0
2 1
3 2
4 3
5 4
6 5
7 6
8 7
9 8
10 9
11 10
12 11
13 12
13 0
15 14
16 15
17 16
18 17
19 18
19 14
21 20
22 21
22 2
20 4
24 23
25 24
26 25
26 23
15 19
16 18
28 27
29 28
30 29
30 27
31 27
32 31
32 27
34 33
35 34
35 33
37 36
38 37
38 36
11 20
29 10
39 13
40 39
41 40
42 41
43 42
43 8
result
0 0.371 0.253
1 0.45 0.089
2 0.556 0.261
3 0.848 0.201
4 0.342 0.532
5 0.456 0.642
6 0.658 0.594
7 0.763 0.7
8 0.757 0.93
9 0.297 0.886
10 0.167 0.791
11 0.165 0.486
12 0.219 0.321
13 0.161 0.17
14 0.456 0.512
15 0.519 0.559
16 0.714 0.539
17 0.842 0.734
18 0.814 0.483
19 0.798 0.29
20 0.346 0.409
21 0.394 0.318
22 0.504 0.333
23 0.539 0.111
24 0.578 0.209
25 0.714 0.197
26 0.835 0.055
27 0.612 0.658
28 0.433 0.706
29 0.283 0.584
30 0.333 0.831
31 0.543 0.851
32 0.699 0.871
33 0.821 0.786
34 0.821 0.944
35 0.895 0.786
36 0.106 0.099
37 0.331 0.16
38 0.394 0.064
39 0.113 0.237
40 0.104 0.434
41 0.112 0.697
42 0.135 0.869
43 0.334 0.937
end level

level 59
width 9
height 12
objects
0 0.463 0.281
1 0.621 0.206
2 0.17 0.805
3 0.179 0.532
4 0.373 0.489
5 0.695 0.909
6 0.118 0.489
7 0.319 0.871
8 0.761 0.261
9 0.16 0.427
10 0.725 0.761
11 0.403 0.524
12 0.658 0.665
13 0.424 0.178
14 0.806 0.177
15 0.376 0.26
16 0.436 0.904
17 0.886 0.233
18 0.69 0.545
19 0.658 0.447
20 0.573 0.62
21 0.835 0.382
22 0.854 0.09
23 0.617 0.347
24 0.286 0.765
25 0.45 0.551
26 0.221 0.659
27 0.557 0.127
28 0.725 0.586
29 0.296 0.313
30 0.105 0.237
31 0.841 0.518
32 0.52 0.711
33 0.179 0.308
34 0.1 0.648
35 0.682 0.265
36 0.595 0.856
37 0.628 0.737
38 0.812 0.584
39 0.731 0.396
40 0.727 0.17
41 0.745 0.486
42 0.45 0.339
43 0.322 0.189
44 0.225 0.211
45 0.832 0.741
46 0.9 0.529
47 0.244 0.129
links
1 0
2 1
3 2
4 3
5 4
6 5
7 6
7 0
9 8
10 9
11 10
12 11
13 12
14 13
15 14
16 15
17 16
17 8
19 18
20 19
21 20
22 21
23 22
24 23
25 24
26 25
27 26
27 18
29 28
30 29
31 30
32 31
33 32
34 33
35 34
36 35
37 36
37 28
39 38
40 39
41 40
42 41
42 38
43 6
43 4
44 4
44 2
45 2
45 0
46 39
47 46
47 42
result
0 0.319 0.871
1 0.45 0.551
2 0.17 0.805
3 0.403 0.524
4 0.1 0.648
5 0.373 0.489
6 0.118 0.489
7 0.617 0.347
8 0.682 0.265
9 0.463 0.281
10 0.621 0.206
11 0.557 0.127
12 0.727 0.17
13 0.854 0.09
14 0.806 0.177
15 0.886 0.233
16 0.761 0.261
17 0.731 0.396
18 0.225 0.211
19 0.244 0.129
20 0.322 0.189
21 0.424 0.178
22 0.376 0.26
23 0.45 0.339
24 0.296 0.313
25 0.16 0.427
26 0.179 0.308
27 0.105 0.237
28 0.658 0.447
29 0.745 0.486
30 0.835 0.382
31 0.841 0.518
32 0.9 0.529
33 0.812 0.584
34 0.832 0.741
35 0.725 0.586
36 0.573 0.62
37 0.69 0.545
38 0.658 0.665
39 0.52 0.711
40 0.436 0.904
41 0.695 0.909
42 0.725 0.761
43 0.179 0.532
44 0.221 0.659
45 0.286 0.765
46 0.595 0.856
47 0.628 0.737
end level

level 60
width 9
height 12
objects
0 0.096 0.807
1 0.748 0.06
2 0.535 0.247
3 0.187 0.176
4 0.76 0.775
5 0.677 0.164
6 0.87 0.451
7 0.542 0.125
8 0.454 0.914
9 0.246 0.53
10 0.867 0.1
11 0.546 0.692
12 0.383 0.826
13 0.131 0.081
14 0.642 0.722
15 0.338 0.164
16 0.207 0.687
17 0.25 0.836
18 0.309 0.93
19 0.727 0.94
20 0.406 0.368
21 0.15 0.449
22 0.483 0.309
23 0.64 0.293
24 0.884 0.22
25 0.694 0.671
26 0.486 0.839
27 0.206 0.9
28 0.903 0.827
29 0.161 0.747
30 0.412 0.192
31 0.666 0.608
links
1 0
2 0
3 0
4 0
5 0
4 5
4 3
3 1
1 2
6 2
6 5
8 7
9 8
10 9
11 10
11 7
12 11
12 9
12 10
14 13
14 6
15 14
16 15
17 15
18 15
18 13
17 16
19 17
19 18
21 20
22 21
23 22
23 20
25 24
26 25
27 26
28 27
29 28
30 29
30 24
31 4
31 5
31 0
result
0 0.546 0.692
1 0.207 0.687
2 0.383 0.826
3 0.246 0.53
4 0.187 0.176
5 0.483 0.309
6 0.642 0.722
7 0.412 0.192
8 0.535 0.247
9 0.666 0.608
10 0.867 0.1
11 0.677 0.164
12 0.64 0.293
13 0.884 0.22
14 0.694 0.671
15 0.76 0.775
16 0.486 0.839
17 0.727 0.94
18 0.87 0.451
19 0.903 0.827
20 0.131 0.081
21 0.338 0.164
22 0.542 0.125
23 0.748 0.06
24 0.454 0.914
25 0.161 0.747
26 0.15 0.449
27 0.096 0.807
28 0.206 0.9
29 0.25 0.836
30 0.309 0.93
31 0.406 0.368
end level

level 61
width 9
height 12
objects
0 0.236 0.368
1 0.299 0.226
2 0.598 0.47
3 0.112 0.936
4 0.125 0.115
5 0.818 0.398
6 0.208 0.537
7 0.106 0.654
8 0.403 0.388
9 0.373 0.726
10 0.59 0.596
11 0.45 0.254
12 0.525 0.699
13 0.571 0.191
14 0.499 0.405
15 0.722 0.188
16 0.694 0.641
17 0.756 0.907
18 0.355 0.583
19 0.893 0.063
20 0.829 0.184
21 0.516 0.887
22 0.201 0.755
23 0.496 0.079
24 0.87 0.533
25 0.73 0.108
26 0.116 0.368
links
1 0
2 0
3 0
4 0
5 0
6 0
8 7
9 7
10 7
11 7
12 7
13 8
13 5
5 7
5 6
9 10
14 11
15 14
15 12
16 4
17 16
18 17
18 3
19 2
19 3
20 2
21 20
22 21
23 22
24 23
25 24
26 25
26 6
1 21
10 25
9 26
26 10
4 17
result
0 0.355 0.583
1 0.201 0.755
2 0.106 0.654
3 0.116 0.368
4 0.299 0.226
5 0.499 0.405
6 0.525 0.699
7 0.722 0.188
8 0.45 0.254
9 0.598 0.47
10 0.818 0.398
11 0.829 0.184
12 0.496 0.079
13 0.403 0.388
14 0.893 0.063
15 0.73 0.108
16 0.571 0.191
17 0.125 0.115
18 0.236 0.368
19 0.208 0.537
20 0.112 0.936
21 0.373 0.726
22 0.516 0.887
23 0.694 0.641
24 0.756 0.907
25 0.87 0.533
26 0.59 0.596
end level

level 62
width 9
height 12
objects
0 0.466 0.359
1 0.148 0.184
2 0.574 0.139
3 0.566 0.213
4 0.769 0.925
5 0.071 0.267
6 0.163 0.523
7 0.374 0.55
8 0.123 0.626
9 0.599 0.923
10 0.306 0.903
11 0.838 0.087
12 0.677 0.156
13 0.371 0.785
14 0.544 0.57
15 0.291 0.483
16 0.804 0.377
17 0.459 0.157
18 0.716 0.721
19 0.835 0.727
20 0.255 0.701
21 0.304 0.068
22 0.142 0.312
23 0.673 0.354
24 0.503 0.246
25 0.296 0.191
26 0.636 0.56
27 0.378 0.433
28 0.297 0.775
29 0.875 0.44
30 0.323 0.141
31 0.173 0.078
32 0.219 0.177
33 0.4 0.598
34 0.856 0.517
35 0.636 0.73
36 0.34 0.23
37 0.695 0.868
38 0.417 0.235
39 0.799 0.134
40 0.429 0.81
41 0.332 0.702
42 0.691 0.501
43 0.928 0.7
44 0.212 0.932
45 0.75 0.429
47 0.526 0.289
46 0.75 0.119
48 0.131 0.127
49 0.233 0.768
50 0.67 0.077
51 0.407 0.279
52 0.266 0.31
53 0.086 0.662
54 0.307 0.841
55 0.437 0.405
56 0.673 0.284
57 0.802 0.256
58 0.473 0.287
59 0.407 0.141
60 0.236 0.139
61 0.842 0.623
62 0.396 0.932
63 0.285 0.611
64 0.732 0.198
65 0.447 0.115
66 0.849 0.889
67 0.521 0.517
68 0.783 0.543
69 0.651 0.411
70 0.208 0.56
71 0.141 0.681
72 0.344 0.382
73 0.835 0.195
74 0.55 0.73
links
1 0
2 1
3 2
4 3
5 4
6 5
7 6
9 8
10 9
11 10
12 11
13 12
14 13
15 14
16 15
17 16
18 17
19 18
20 19
21 20
22 21
23 22
24 23
25 24
26 25
27 26
28 0
29 28
31 30
32 31
34 35
27 35
36 35
37 36
38 37
39 38
39 26
30 40
29 40
40 28
33 41
32 41
42 41
43 42
44 43
34 45
33 45
45 44
8 47
7 8
6 46
46 47
49 48
50 49
51 50
52 51
53 52
54 53
54 48
1 12
56 55
57 56
58 57
59 58
60 59
61 60
62 61
62 55
57 62
62 58
58 61
61 59
64 63
65 64
65 63
67 66
68 67
68 66
70 69
71 70
71 69
73 72
74 73
74 72
result
0 0.163 0.523
1 0.142 0.312
2 0.071 0.267
3 0.148 0.184
4 0.131 0.127
5 0.173 0.078
6 0.236 0.139
7 0.219 0.177
8 0.296 0.191
9 0.34 0.23
10 0.417 0.235
11 0.407 0.279
12 0.266 0.31
13 0.344 0.382
14 0.466 0.359
15 0.673 0.354
16 0.75 0.429
17 0.804 0.377
18 0.875 0.44
19 0.856 0.517
20 0.783 0.543
21 0.842 0.623
22 0.928 0.7
23 0.849 0.889
24 0.769 0.925
25 0.835 0.727
26 0.716 0.721
27 0.636 0.56
28 0.208 0.56
29 0.285 0.611
30 0.233 0.768
31 0.212 0.932
32 0.306 0.903
33 0.297 0.775
34 0.4 0.598
35 0.544 0.57
36 0.55 0.73
37 0.636 0.73
38 0.599 0.923
39 0.695 0.868
40 0.255 0.701
41 0.307 0.841
42 0.396 0.932
43 0.429 0.81
44 0.371 0.785
45 0.332 0.702
47 0.323 0.141
46 0.304 0.068
48 0.378 0.433
49 0.291 0.483
50 0.374 0.55
51 0.521 0.517
52 0.691 0.501
53 0.651 0.411
54 0.437 0.405
55 0.67 0.077
56 0.574 0.139
57 0.566 0.213
58 0.673 0.284
59 0.802 0.256
60 0.835 0.195
61 0.732 0.198
62 0.677 0.156
63 0.473 0.287
64 0.503 0.246
65 0.526 0.289
66 0.407 0.141
67 0.447 0.115
68 0.459 0.157
69 0.086 0.662
70 0.123 0.626
71 0.141 0.681
72 0.75 0.119
73 0.799 0.134
74 0.838 0.087
end level

level 63
width 9
height 12
objects
0 0.646 0.38
1 0.864 0.952
2 0.584 0.192
3 0.839 0.891
4 0.897 0.845
5 0.421 0.334
6 0.876 0.714
7 0.566 0.812
8 0.346 0.763
9 0.096 0.925
10 0.175 0.099
11 0.94 0.584
12 0.141 0.869
13 0.796 0.373
14 0.221 0.475
15 0.772 0.526
16 0.199 0.134
17 0.712 0.93
18 0.582 0.294
19 0.56 0.365
20 0.779 0.442
21 0.178 0.161
22 0.819 0.8
23 0.741 0.392
24 0.269 0.1
25 0.743 0.884
26 0.698 0.842
27 0.746 0.694
28 0.509 0.326
29 0.941 0.313
30 0.236 0.784
31 0.631 0.249
32 0.284 0.366
33 0.129 0.113
34 0.265 0.947
35 0.33 0.27
36 0.479 0.379
37 0.189 0.898
38 0.826 0.855
39 0.258 0.163
40 0.776 0.849
41 0.443 0.454
42 0.586 0.122
43 0.683 0.475
44 0.244 0.847
45 0.87 0.488
46 0.18 0.835
47 0.717 0.223
48 0.654 0.297
49 0.704 0.343
50 0.34 0.858
51 0.101 0.799
52 0.112 0.047
53 0.409 0.118
54 0.727 0.627
55 0.182 0.627
56 0.495 0.713
57 0.564 0.442
58 0.058 0.155
59 0.627 0.341
60 0.45 0.188
61 0.708 0.294
62 0.317 0.632
63 0.797 0.908
64 0.278 0.225
65 0.336 0.512
66 0.132 0.228
67 0.256 0.889
68 0.483 0.617
69 0.119 0.16
70 0.817 0.205
71 0.501 0.184
72 0.155 0.403
73 0.55 0.521
links
1 0
2 1
3 2
4 3
5 4
6 5
7 6
8 7
9 8
10 9
10 0
12 11
13 12
14 13
15 14
16 15
17 16
18 17
19 18
20 19
20 11
22 21
23 22
24 23
25 24
26 25
27 26
28 27
29 28
30 29
30 21
32 31
33 32
34 33
35 34
36 35
37 36
38 37
39 38
40 39
40 31
42 41
43 42
44 43
45 44
46 45
47 46
48 47
49 48
50 49
51 50
52 51
53 52
54 41
55 54
56 55
57 56
58 57
59 58
60 59
61 60
62 61
63 62
63 53
65 64
66 65
67 66
68 67
69 68
69 64
70 0
71 70
72 71
73 72
73 6
result
0 0.278 0.225
1 0.155 0.403
2 0.182 0.627
3 0.346 0.763
4 0.566 0.812
5 0.876 0.714
6 0.94 0.584
7 0.727 0.627
8 0.483 0.617
9 0.336 0.512
10 0.284 0.366
11 0.776 0.849
12 0.819 0.8
13 0.826 0.855
14 0.897 0.845
15 0.839 0.891
16 0.864 0.952
17 0.797 0.908
18 0.712 0.93
19 0.743 0.884
20 0.698 0.842
21 0.18 0.835
22 0.236 0.784
23 0.244 0.847
24 0.34 0.858
25 0.256 0.889
26 0.265 0.947
27 0.189 0.898
28 0.096 0.925
29 0.141 0.869
30 0.101 0.799
31 0.129 0.113
32 0.112 0.047
33 0.175 0.099
34 0.269 0.1
35 0.199 0.134
36 0.258 0.163
37 0.178 0.161
38 0.132 0.228
39 0.119 0.16
40 0.058 0.155
41 0.33 0.27
42 0.421 0.334
43 0.443 0.454
44 0.55 0.521
45 0.683 0.475
46 0.772 0.526
47 0.87 0.488
48 0.941 0.313
49 0.817 0.205
50 0.717 0.223
51 0.708 0.294
52 0.796 0.373
53 0.779 0.442
54 0.409 0.118
55 0.45 0.188
56 0.501 0.184
57 0.586 0.122
58 0.584 0.192
59 0.631 0.249
60 0.582 0.294
61 0.654 0.297
62 0.704 0.343
63 0.741 0.392
64 0.56 0.365
65 0.627 0.341
66 0.646 0.38
67 0.564 0.442
68 0.479 0.379
69 0.509 0.326
70 0.221 0.475
71 0.317 0.632
72 0.495 0.713
73 0.746 0.694
end level

level 64
width 9
height 12
objects
0 0.314 0.631
1 0.778 0.142
2 0.093 0.524
3 0.786 0.387
4 0.391 0.19
5 0.354 0.767
6 0.105 0.909
7 0.595 0.1
8 0.097 0.818
9 0.809 0.204
10 0.624 0.198
11 0.274 0.929
12 0.134 0.702
13 0.164 0.475
14 0.34 0.347
15 0.454 0.936
16 0.195 0.165
17 0.488 0.258
18 0.616 0.78
19 0.701 0.619
20 0.402 0.491
21 0.583 0.317
22 0.896 0.391
23 0.245 0.202
24 0.522 0.636
25 0.684 0.233
26 0.717 0.075
27 0.529 0.613
28 0.532 0.155
29 0.69 0.706
30 0.14 0.398
31 0.318 0.278
32 0.935 0.104
33 0.624 0.918
34 0.307 0.114
35 0.238 0.063
36 0.856 0.177
37 0.189 0.303
38 0.878 0.536
39 0.064 0.199
40 0.813 0.794
links
1 0
2 1
3 2
4 3
5 4
7 6
8 7
9 8
10 9
11 10
12 11
13 12
14 13
15 14
16 15
17 16
18 17
19 18
20 19
20 0
21 15
22 21
23 22
24 23
24 15
23 15
22 15
25 15
26 25
26 15
27 15
21 27
27 25
29 28
30 29
31 30
32 31
33 32
34 33
34 28
5 8
4 8
6 35
5 35
35 8
37 36
38 37
39 38
40 39
37 18
36 1
40 2
result
0 0.318 0.278
1 0.245 0.202
2 0.307 0.114
3 0.532 0.155
4 0.583 0.317
5 0.402 0.491
6 0.522 0.636
7 0.701 0.619
8 0.786 0.387
9 0.684 0.233
10 0.809 0.204
11 0.878 0.536
12 0.813 0.794
13 0.624 0.918
14 0.69 0.706
15 0.354 0.767
16 0.314 0.631
17 0.164 0.475
18 0.34 0.347
19 0.488 0.258
20 0.391 0.19
21 0.105 0.909
22 0.097 0.818
23 0.134 0.702
24 0.093 0.524
25 0.454 0.936
26 0.616 0.78
27 0.274 0.929
28 0.595 0.1
29 0.624 0.198
30 0.778 0.142
31 0.856 0.177
32 0.896 0.391
33 0.935 0.104
34 0.717 0.075
35 0.529 0.613
36 0.195 0.165
37 0.189 0.303
38 0.14 0.398
39 0.064 0.199
40 0.238 0.063
end level

level 65
width 9
height 12
objects
0 0.767 0.193
1 0.129 0.896
2 0.847 0.66
3 0.65 0.443
4 0.398 0.424
5 0.658 0.666
6 0.418 0.67
7 0.222 0.518
8 0.639 0.28
9 0.363 0.332
10 0.292 0.231
11 0.286 0.488
12 0.509 0.426
13 0.702 0.082
14 0.398 0.299
15 0.09 0.481
16 0.849 0.327
17 0.913 0.109
18 0.893 0.481
19 0.845 0.756
20 0.077 0.686
21 0.414 0.352
22 0.086 0.329
23 0.193 0.773
24 0.603 0.761
25 0.344 0.56
26 0.186 0.088
27 0.727 0.939
28 0.302 0.9
29 0.248 0.135
30 0.812 0.06
31 0.185 0.379
32 0.155 0.218
33 0.297 0.382
34 0.499 0.11
35 0.691 0.843
36 0.245 0.303
37 0.923 0.722
38 0.12 0.605
39 0.506 0.549
40 0.116 0.703
41 0.756 0.654
43 0.204 0.626
42 0.42 0.845
44 0.44 0.783
45 0.498 0.309
46 0.891 0.254
47 0.765 0.585
48 0.869 0.892
49 0.543 0.911
51 0.354 0.089
50 0.828 0.15
links
1 0
2 1
3 2
5 4
6 5
7 6
8 7
9 8
10 9
11 10
12 11
12 0
14 13
15 14
16 15
17 16
18 17
19 18
20 19
21 20
22 21
23 22
24 23
25 24
26 25
27 26
27 13
29 28
30 29
31 30
33 32
34 33
35 34
36 35
36 28
38 37
39 38
40 39
41 40
41 37
43 20
43 22
43 19
43 18
43 17
42 15
42 16
17 42
42 23
42 24
32 44
31 44
45 44
45 31
46 45
46 36
46 29
46 30
47 32
48 47
48 34
49 3
49 2
4 51
3 51
50 51
50 7
12 10
3 10
result
0 0.129 0.896
1 0.193 0.773
2 0.44 0.783
3 0.691 0.843
4 0.765 0.585
5 0.893 0.481
6 0.923 0.722
7 0.845 0.756
8 0.869 0.892
9 0.727 0.939
10 0.543 0.911
11 0.42 0.845
12 0.302 0.9
13 0.116 0.703
14 0.204 0.626
15 0.418 0.67
16 0.658 0.666
17 0.65 0.443
18 0.849 0.327
19 0.767 0.193
20 0.499 0.11
21 0.398 0.299
22 0.498 0.309
23 0.509 0.426
24 0.344 0.56
25 0.222 0.518
26 0.12 0.605
27 0.077 0.686
28 0.414 0.352
29 0.398 0.424
30 0.286 0.488
31 0.09 0.481
32 0.155 0.218
33 0.186 0.088
34 0.354 0.089
35 0.292 0.231
36 0.363 0.332
37 0.702 0.082
38 0.828 0.15
39 0.891 0.254
40 0.913 0.109
41 0.812 0.06
43 0.639 0.28
42 0.506 0.549
44 0.086 0.329
45 0.185 0.379
46 0.297 0.382
47 0.245 0.303
48 0.248 0.135
49 0.603 0.761
51 0.756 0.654
50 0.847 0.66
end level

level 66
width 9
height 12
objects
0 0.737 0.657
1 0.249 0.39
2 0.784 0.175
3 0.642 0.303
4 0.55 0.171
5 0.107 0.299
6 0.73 0.375
7 0.202 0.88
8 0.561 0.239
9 0.227 0.098
10 0.184 0.209
11 0.719 0.592
12 0.873 0.779
13 0.276 0.604
14 0.463 0.589
15 0.201 0.77
16 0.892 0.296
17 0.361 0.8
18 0.715 0.518
19 0.65 0.444
20 0.74 0.282
21 0.613 0.553
22 0.423 0.408
23 0.369 0.184
24 0.309 0.265
25 0.29 0.839
26 0.306 0.552
27 0.328 0.318
28 0.545 0.855
29 0.681 0.229
30 0.756 0.915
31 0.125 0.496
32 0.885 0.624
33 0.727 0.079
34 0.644 0.813
35 0.449 0.92
36 0.129 0.726
37 0.242 0.702
links
1 0
2 1
4 3
5 4
7 6
8 7
9 8
10 9
11 10
12 11
13 12
14 2
14 3
6 15
5 15
16 0
16 13
18 17
19 18
20 19
21 20
21 14
22 17
23 22
24 23
25 24
26 25
26 9
27 23
27 17
28 18
29 28
30 29
30 18
15 20
31 21
32 31
33 32
33 31
33 15
33 20
22 7
34 15
34 20
35 0
35 2
23 7
29 6
12 27
36 26
37 36
37 24
result
0 0.184 0.209
1 0.227 0.098
2 0.369 0.184
3 0.727 0.079
4 0.784 0.175
5 0.892 0.296
6 0.885 0.624
7 0.873 0.779
8 0.756 0.915
9 0.449 0.92
10 0.202 0.88
11 0.129 0.726
12 0.125 0.496
13 0.249 0.39
14 0.55 0.171
15 0.73 0.375
16 0.107 0.299
17 0.463 0.589
18 0.65 0.444
19 0.306 0.552
20 0.328 0.318
21 0.561 0.239
22 0.737 0.657
23 0.644 0.813
24 0.242 0.702
25 0.361 0.8
26 0.545 0.855
27 0.276 0.604
28 0.715 0.518
29 0.719 0.592
30 0.613 0.553
31 0.681 0.229
32 0.74 0.282
33 0.642 0.303
34 0.423 0.408
35 0.309 0.265
36 0.29 0.839
37 0.201 0.77
end level

level 67
width 9
height 12
objects
0 0.194 0.927
1 0.317 0.061
2 0.25 0.127
3 0.338 0.856
4 0.756 0.047
5 0.344 0.561
6 0.429 0.686
7 0.232 0.439
8 0.372 0.719
9 0.721 0.607
10 0.799 0.632
11 0.829 0.187
12 0.873 0.69
13 0.633 0.953
14 0.625 0.453
15 0.323 0.184
16 0.132 0.114
17 0.846 0.097
18 0.258 0.935
19 0.165 0.271
20 0.467 0.199
21 0.597 0.813
22 0.659 0.375
23 0.891 0.512
24 0.703 0.693
25 0.63 0.652
26 0.116 0.536
27 0.306 0.636
28 0.134 0.343
29 0.855 0.848
30 0.754 0.485
31 0.328 0.746
32 0.468 0.527
33 0.135 0.673
34 0.474 0.739
35 0.382 0.123
36 0.674 0.31
37 0.585 0.574
38 0.459 0.479
39 0.231 0.389
40 0.422 0.547
41 0.466 0.428
42 0.501 0.157
43 0.435 0.894
44 0.298 0.27
45 0.496 0.807
46 0.108 0.18
47 0.265 0.181
48 0.116 0.473
links
1 0
2 1
3 2
4 3
5 4
7 6
9 8
9 0
10 1
10 2
10 3
10 4
12 11
13 12
14 13
17 16
18 17
19 18
19 11
11 15
14 11
12 14
20 11
21 20
22 21
23 22
23 18
25 24
26 25
27 26
8 28
7 28
29 27
29 28
8 29
29 7
6 30
5 30
31 29
32 31
33 32
33 26
34 24
34 33
36 35
37 36
38 37
39 38
40 39
40 35
36 39
35 39
38 36
42 41
44 43
45 44
46 45
43 47
42 47
47 46
41 46
16 48
15 48
15 14
result
0 0.116 0.473
1 0.134 0.343
2 0.298 0.27
3 0.467 0.199
4 0.659 0.375
5 0.754 0.485
6 0.63 0.652
7 0.496 0.807
8 0.372 0.719
9 0.422 0.547
10 0.466 0.428
11 0.501 0.157
12 0.674 0.31
13 0.891 0.512
14 0.829 0.187
15 0.846 0.097
16 0.317 0.061
17 0.132 0.114
18 0.108 0.18
19 0.165 0.271
20 0.382 0.123
21 0.323 0.184
22 0.25 0.127
23 0.265 0.181
24 0.231 0.389
25 0.232 0.439
26 0.468 0.527
27 0.429 0.686
28 0.338 0.856
29 0.474 0.739
30 0.799 0.632
31 0.585 0.574
32 0.721 0.607
33 0.625 0.453
34 0.459 0.479
35 0.703 0.693
36 0.597 0.813
37 0.435 0.894
38 0.633 0.953
39 0.855 0.848
40 0.873 0.69
41 0.116 0.536
42 0.344 0.561
43 0.328 0.746
44 0.258 0.935
45 0.194 0.927
46 0.135 0.673
47 0.306 0.636
48 0.756 0.047
end level

level 68
width 9
height 12
objects
0 0.434 0.654
1 0.546 0.597
2 0.413 0.907
3 0.634 0.684
4 0.485 0.718
5 0.35 0.44
6 0.121 0.518
7 0.199 0.113
8 0.841 0.674
9 0.699 0.755
10 0.69 0.093
11 0.829 0.527
12 0.135 0.87
13 0.449 0.104
14 0.832 0.388
15 0.624 0.178
16 0.231 0.473
17 0.677 0.28
18 0.234 0.763
19 0.817 0.886
20 0.513 0.229
21 0.882 0.238
22 0.299 0.621
23 0.744 0.54
24 0.319 0.358
25 0.796 0.123
26 0.651 0.401
27 0.563 0.494
28 0.517 0.379
29 0.151 0.391
30 0.442 0.307
31 0.801 0.712
32 0.117 0.257
33 0.36 0.234
34 0.534 0.678
35 0.319 0.809
36 0.45 0.179
37 0.779 0.25
38 0.155 0.703
39 0.574 0.791
40 0.387 0.583
links
1 0
2 1
3 2
4 3
5 4
6 5
8 7
9 8
10 9
11 10
12 11
13 12
14 13
15 14
16 15
17 16
18 17
18 0
20 19
21 20
22 21
23 22
24 23
25 24
26 25
27 26
28 27
29 28
29 11
19 9
31 30
32 31
33 32
34 33
35 34
36 35
36 30
6 9
9 5
7 37
6 37
37 2
32 10
33 11
34 12
36 13
30 14
38 3
38 5
38 37
23 1
39 31
40 39
40 35
result
0 0.117 0.257
1 0.199 0.113
2 0.36 0.234
3 0.513 0.229
4 0.677 0.28
5 0.517 0.379
6 0.35 0.44
7 0.231 0.473
8 0.387 0.583
9 0.563 0.494
10 0.744 0.54
11 0.801 0.712
12 0.817 0.886
13 0.413 0.907
14 0.135 0.87
15 0.155 0.703
16 0.299 0.621
17 0.121 0.518
18 0.151 0.391
19 0.651 0.401
20 0.779 0.25
21 0.624 0.178
22 0.45 0.179
23 0.449 0.104
24 0.69 0.093
25 0.796 0.123
26 0.882 0.238
27 0.832 0.388
28 0.829 0.527
29 0.841 0.674
30 0.234 0.763
31 0.434 0.654
32 0.546 0.597
33 0.634 0.684
34 0.699 0.755
35 0.574 0.791
36 0.319 0.809
37 0.319 0.358
38 0.442 0.307
39 0.485 0.718
40 0.534 0.678
end level

level 69
width 9
height 12
objects
0 0.82 0.065
1 0.178 0.833
2 0.775 0.556
3 0.914 0.392
4 0.664 0.904
5 0.749 0.726
6 0.741 0.108
7 0.372 0.675
8 0.466 0.441
9 0.578 0.741
10 0.792 0.636
11 0.676 0.191
12 0.085 0.844
13 0.808 0.787
14 0.385 0.4
15 0.822 0.89
16 0.233 0.744
17 0.568 0.137
18 0.874 0.767
19 0.878 0.663
20 0.184 0.077
21 0.396 0.777
22 0.468 0.204
23 0.457 0.067
24 0.379 0.567
25 0.085 0.213
26 0.188 0.258
27 0.384 0.115
28 0.136 0.37
29 0.742 0.346
30 0.628 0.355
31 0.233 0.155
32 0.114 0.452
33 0.565 0.307
34 0.492 0.571
35 0.591 0.685
36 0.141 0.637
37 0.296 0.236
38 0.802 0.305
39 0.741 0.796
40 0.226 0.566
41 0.653 0.459
42 0.473 0.653
43 0.51 0.895
44 0.561 0.858
45 0.317 0.475
46 0.77 0.841
47 0.107 0.934
links
1 0
2 1
3 2
4 3
5 4
6 5
7 6
8 7
9 8
10 9
11 10
12 11
13 12
14 13
15 14
16 15
17 16
18 17
19 18
20 19
21 20
21 0
23 22
24 23
25 24
26 25
27 26
28 27
30 29
32 31
33 32
34 33
35 34
36 35
37 36
38 37
31 39
30 39
40 38
41 40
29 42
28 42
43 42
44 43
44 7
45 22
45 19
7 24
20 18
20 17
46 10
47 46
47 10
33 36
41 29
13 47
26 42
8 43
19 4
45 5
result
0 0.188 0.258
1 0.233 0.155
2 0.384 0.115
3 0.568 0.137
4 0.676 0.191
5 0.742 0.346
6 0.653 0.459
7 0.379 0.567
8 0.372 0.675
9 0.492 0.571
10 0.775 0.556
11 0.802 0.305
12 0.741 0.108
13 0.82 0.065
14 0.457 0.067
15 0.184 0.077
16 0.085 0.213
17 0.136 0.37
18 0.385 0.4
19 0.565 0.307
20 0.468 0.204
21 0.296 0.236
22 0.466 0.441
23 0.317 0.475
24 0.114 0.452
25 0.141 0.637
26 0.178 0.833
27 0.085 0.844
28 0.107 0.934
29 0.664 0.904
30 0.822 0.89
31 0.792 0.636
32 0.473 0.653
33 0.396 0.777
34 0.561 0.858
35 0.741 0.796
36 0.578 0.741
37 0.591 0.685
38 0.749 0.726
39 0.874 0.767
40 0.808 0.787
41 0.77 0.841
42 0.51 0.895
43 0.233 0.744
44 0.226 0.566
45 0.628 0.355
46 0.878 0.663
47 0.914 0.392
end level

level 70
width 9
height 12
objects
0 0.149 0.548
1 0.094 0.164
2 0.124 0.329
3 0.763 0.187
4 0.41 0.584
5 0.61 0.463
6 0.206 0.643
7 0.905 0.462
8 0.581 0.3
9 0.859 0.053
10 0.464 0.54
11 0.352 0.134
12 0.909 0.65
13 0.792 0.301
14 0.102 0.479
15 0.191 0.338
16 0.883 0.881
17 0.522 0.513
18 0.883 0.241
19 0.681 0.212
20 0.816 0.853
21 0.591 0.369
22 0.467 0.643
23 0.142 0.676
24 0.791 0.922
25 0.275 0.49
26 0.81 0.377
27 0.505 0.084
28 0.222 0.594
29 0.713 0.261
30 0.309 0.698
31 0.857 0.61
32 0.493 0.709
33 0.505 0.182
34 0.349 0.654
35 0.765 0.406
36 0.091 0.82
37 0.68 0.492
38 0.447 0.429
39 0.622 0.322
40 0.379 0.213
41 0.805 0.733
42 0.678 0.384
43 0.586 0.773
44 0.618 0.88
45 0.323 0.806
46 0.658 0.691
47 0.645 0.256
48 0.198 0.744
49 0.276 0.746
50 0.117 0.946
51 0.198 0.069
52 0.766 0.806
53 0.661 0.331
54 0.416 0.328
55 0.507 0.419
56 0.622 0.662
57 0.198 0.423
58 0.523 0.846
59 0.23 0.882
60 0.345 0.581
61 0.575 0.908
62 0.748 0.642
63 0.859 0.473
64 0.303 0.539
links
1 0
2 1
3 2
4 3
5 4
6 5
7 6
8 7
8 0
0 5
9 1
10 9
11 10
12 11
12 2
13 12
14 13
15 14
16 15
16 2
17 12
18 17
19 18
20 19
21 20
22 21
22 11
23 21
24 23
25 24
26 25
27 26
28 27
28 0
29 17
30 29
31 30
32 31
33 32
34 33
35 34
36 35
37 36
37 6
39 38
40 39
41 40
41 38
43 42
44 43
45 44
46 45
47 46
47 42
49 48
50 49
51 50
52 51
53 52
54 53
54 48
56 55
57 56
58 57
59 58
59 55
61 60
62 61
63 62
64 63
64 60
result
0 0.581 0.3
1 0.591 0.369
2 0.678 0.384
3 0.792 0.301
4 0.763 0.187
5 0.352 0.134
6 0.124 0.329
7 0.102 0.479
8 0.275 0.49
9 0.522 0.513
10 0.467 0.643
11 0.622 0.662
12 0.61 0.463
13 0.68 0.492
14 0.748 0.642
15 0.859 0.473
16 0.765 0.406
17 0.766 0.806
18 0.523 0.846
19 0.323 0.806
20 0.276 0.746
21 0.586 0.773
22 0.658 0.691
23 0.493 0.709
24 0.309 0.698
25 0.142 0.676
26 0.149 0.548
27 0.303 0.539
28 0.447 0.429
29 0.805 0.733
30 0.857 0.61
31 0.905 0.462
32 0.81 0.377
33 0.883 0.241
34 0.859 0.053
35 0.505 0.084
36 0.198 0.069
37 0.094 0.164
38 0.191 0.338
39 0.198 0.423
40 0.416 0.328
41 0.379 0.213
42 0.505 0.182
43 0.645 0.256
44 0.622 0.322
45 0.661 0.331
46 0.713 0.261
47 0.681 0.212
48 0.507 0.419
49 0.345 0.581
50 0.222 0.594
51 0.206 0.643
52 0.349 0.654
53 0.41 0.584
54 0.464 0.54
55 0.198 0.744
56 0.23 0.882
57 0.575 0.908
58 0.117 0.946
59 0.091 0.82
60 0.618 0.88
61 0.816 0.853
62 0.909 0.65
63 0.883 0.881
64 0.791 0.922
end level

level 71
width 9
height 12
objects
0 0.18 0.136
1 0.221 0.173
2 0.537 0.287
3 0.681 0.197
4 0.858 0.441
5 0.491 0.877
6 0.364 0.291
7 0.833 0.507
8 0.281 0.694
9 0.318 0.673
10 0.594 0.334
11 0.265 0.147
12 0.642 0.922
13 0.126 0.199
14 0.771 0.421
15 0.077 0.793
16 0.783 0.089
17 0.644 0.436
18 0.405 0.322
19 0.512 0.748
20 0.709 0.272
21 0.609 0.501
22 0.338 0.446
23 0.793 0.494
24 0.705 0.58
25 0.399 0.471
26 0.302 0.635
27 0.808 0.259
28 0.801 0.534
29 0.198 0.075
30 0.594 0.277
31 0.868 0.789
32 0.365 0.924
33 0.801 0.621
34 0.703 0.401
35 0.154 0.448
36 0.752 0.193
37 0.6 0.785
38 0.423 0.785
39 0.642 0.113
40 0.259 0.203
41 0.922 0.549
42 0.45 0.517
43 0.724 0.474
44 0.487 0.167
45 0.209 0.286
46 0.494 0.231
47 0.709 0.163
48 0.757 0.758
49 0.685 0.63
50 0.338 0.096
51 0.235 0.118
52 0.442 0.595
53 0.476 0.113
54 0.803 0.18
55 0.395 0.523
56 0.346 0.751
57 0.84 0.558
58 0.141 0.63
59 0.613 0.402
60 0.794 0.135
61 0.735 0.13
62 0.867 0.147
63 0.457 0.296
64 0.837 0.61
links
1 0
2 1
3 2
4 3
5 4
7 6
8 7
9 8
10 9
11 10
12 11
13 12
14 13
14 0
5 15
16 15
17 16
6 18
15 18
18 17
7 4
4 9
0 2
0 13
20 19
20 4
19 11
21 7
21 4
22 5
23 18
23 15
25 24
26 25
26 24
28 27
29 28
30 29
30 27
11 32
4 32
33 31
34 31
35 34
35 33
37 36
22 38
21 38
22 36
37 38
40 39
41 40
42 41
43 42
44 43
45 44
46 45
47 46
48 47
48 39
50 49
51 50
52 51
53 52
54 53
55 54
56 55
56 49
58 57
59 58
60 59
61 60
62 61
63 57
63 64
62 64
result
0 0.364 0.291
1 0.154 0.448
2 0.338 0.446
3 0.141 0.63
4 0.302 0.635
5 0.077 0.793
6 0.868 0.789
7 0.685 0.63
8 0.801 0.621
9 0.644 0.436
10 0.771 0.421
11 0.594 0.277
12 0.709 0.272
13 0.476 0.113
14 0.209 0.286
15 0.423 0.785
16 0.365 0.924
17 0.642 0.922
18 0.6 0.785
19 0.487 0.167
20 0.405 0.322
21 0.757 0.758
22 0.346 0.751
23 0.491 0.877
24 0.609 0.501
25 0.442 0.595
26 0.705 0.58
27 0.494 0.231
28 0.537 0.287
29 0.399 0.471
30 0.457 0.296
31 0.594 0.334
32 0.395 0.523
33 0.45 0.517
34 0.703 0.401
35 0.613 0.402
36 0.281 0.694
37 0.318 0.673
38 0.512 0.748
39 0.735 0.13
40 0.783 0.089
41 0.794 0.135
42 0.867 0.147
43 0.803 0.18
44 0.808 0.259
45 0.752 0.193
46 0.681 0.197
47 0.709 0.163
48 0.642 0.113
49 0.18 0.136
50 0.198 0.075
51 0.235 0.118
52 0.338 0.096
53 0.265 0.147
54 0.259 0.203
55 0.221 0.173
56 0.126 0.199
57 0.793 0.494
58 0.858 0.441
59 0.833 0.507
60 0.922 0.549
61 0.84 0.558
62 0.837 0.61
63 0.724 0.474
64 0.801 0.534
end level

level 72
width 9
height 12
objects
0 0.751 0.54
1 0.257 0.267
2 0.222 0.939
3 0.095 0.168
4 0.298 0.409
5 0.745 0.341
6 0.77 0.624
7 0.883 0.918
8 0.638 0.12
9 0.106 0.492
10 0.462 0.132
11 0.372 0.5
12 0.471 0.474
13 0.558 0.06
14 0.276 0.622
15 0.865 0.424
16 0.851 0.135
17 0.595 0.178
18 0.222 0.375
19 0.305 0.83
20 0.696 0.929
21 0.869 0.775
22 0.471 0.819
23 0.364 0.681
24 0.531 0.388
25 0.279 0.174
26 0.729 0.791
27 0.787 0.884
28 0.67 0.264
29 0.651 0.733
30 0.905 0.717
31 0.387 0.403
32 0.622 0.907
links
1 0
2 1
3 2
4 3
5 4
6 5
7 6
7 0
9 8
10 9
11 10
12 11
13 12
14 13
15 14
15 8
17 16
18 17
19 18
20 19
21 20
21 16
22 7
22 1
22 5
23 22
23 3
23 4
24 8
24 14
25 24
25 12
25 11
27 26
28 27
29 28
30 29
30 26
31 16
32 31
32 20
result
0 0.222 0.375
1 0.595 0.178
2 0.531 0.388
3 0.745 0.341
4 0.364 0.681
5 0.372 0.5
6 0.106 0.492
7 0.298 0.409
8 0.751 0.54
9 0.305 0.83
10 0.276 0.622
11 0.222 0.939
12 0.622 0.907
13 0.651 0.733
14 0.905 0.717
15 0.865 0.424
16 0.257 0.267
17 0.638 0.12
18 0.67 0.264
19 0.851 0.135
20 0.558 0.06
21 0.095 0.168
22 0.387 0.403
23 0.471 0.474
24 0.77 0.624
25 0.471 0.819
26 0.729 0.791
27 0.696 0.929
28 0.883 0.918
29 0.869 0.775
30 0.787 0.884
31 0.279 0.174
32 0.462 0.132
end level

level 73
width 9
height 12
objects
0 0.828 0.493
1 0.758 0.791
2 0.801 0.695
3 0.31 0.689
4 0.385 0.48
5 0.835 0.759
6 0.476 0.562
7 0.602 0.631
8 0.424 0.318
9 0.166 0.897
10 0.217 0.24
11 0.523 0.233
12 0.904 0.844
13 0.162 0.633
14 0.579 0.292
15 0.754 0.482
16 0.769 0.359
17 0.646 0.244
18 0.907 0.708
19 0.808 0.294
20 0.134 0.122
21 0.218 0.413
22 0.731 0.56
23 0.433 0.703
24 0.841 0.102
25 0.852 0.639
26 0.518 0.799
27 0.636 0.708
28 0.904 0.185
29 0.565 0.48
30 0.619 0.542
31 0.396 0.185
32 0.62 0.775
33 0.715 0.215
34 0.092 0.307
35 0.9 0.391
36 0.501 0.385
37 0.376 0.594
38 0.643 0.339
39 0.278 0.183
40 0.377 0.854
41 0.624 0.171
42 0.834 0.87
43 0.376 0.408
links
1 0
2 1
3 2
4 3
5 4
6 5
7 6
8 7
9 8
10 9
11 10
12 11
13 12
14 13
15 14
16 15
17 16
18 17
18 0
20 19
21 20
22 21
23 22
23 19
25 24
26 25
27 26
27 24
29 28
30 29
31 30
32 31
32 28
34 33
35 34
36 35
37 36
37 33
17 25
25 18
38 17
38 18
39 6
39 5
21 5
5 22
22 7
29 10
11 30
41 40
42 41
43 42
43 40
result
0 0.424 0.318
1 0.217 0.24
2 0.278 0.183
3 0.134 0.122
4 0.841 0.102
5 0.715 0.215
6 0.808 0.294
7 0.643 0.339
8 0.754 0.482
9 0.619 0.542
10 0.801 0.695
11 0.62 0.775
12 0.834 0.87
13 0.166 0.897
14 0.31 0.689
15 0.162 0.633
16 0.376 0.594
17 0.218 0.413
18 0.376 0.408
19 0.523 0.233
20 0.396 0.185
21 0.624 0.171
22 0.646 0.244
23 0.579 0.292
24 0.501 0.385
25 0.385 0.48
26 0.476 0.562
27 0.565 0.48
28 0.602 0.631
29 0.636 0.708
30 0.518 0.799
31 0.377 0.854
32 0.433 0.703
33 0.769 0.359
34 0.828 0.493
35 0.731 0.56
36 0.852 0.639
37 0.9 0.391
38 0.092 0.307
39 0.904 0.185
40 0.835 0.759
41 0.758 0.791
42 0.904 0.844
43 0.907 0.708
end level

level 74
width 9
height 12
objects
0 0.416 0.416
1 0.166 0.802
2 0.248 0.104
3 0.687 0.94
4 0.384 0.308
5 0.627 0.362
6 0.192 0.617
7 0.365 0.926
8 0.833 0.611
9 0.099 0.39
10 0.111 0.78
11 0.702 0.806
12 0.586 0.499
13 0.412 0.828
14 0.472 0.467
15 0.595 0.115
16 0.894 0.571
17 0.627 0.658
18 0.335 0.6
19 0.908 0.104
20 0.226 0.885
21 0.712 0.407
22 0.468 0.911
23 0.561 0.052
24 0.288 0.691
25 0.431 0.172
26 0.552 0.283
27 0.28 0.267
28 0.896 0.927
29 0.472 0.27
30 0.697 0.153
31 0.572 0.734
32 0.83 0.766
33 0.851 0.286
34 0.464 0.52
35 0.476 0.358
36 0.904 0.346
37 0.628 0.264
38 0.774 0.34
39 0.582 0.426
40 0.15 0.947
41 0.75 0.558
42 0.42 0.219
43 0.291 0.349
44 0.091 0.091
links
1 0
2 1
3 2
4 3
5 4
6 5
7 6
8 7
9 8
10 9
11 10
12 11
13 12
14 13
15 14
16 15
17 16
18 17
19 18
19 14
0 13
21 20
22 21
23 22
23 20
25 24
27 26
28 27
29 28
26 30
25 30
24 30
31 29
31 9
33 32
34 33
35 34
36 35
37 36
38 37
38 32
40 39
41 40
41 34
39 33
43 42
44 43
44 42
result
0 0.291 0.349
1 0.099 0.39
2 0.28 0.267
3 0.091 0.091
4 0.42 0.219
5 0.595 0.115
6 0.552 0.283
7 0.774 0.34
8 0.627 0.362
9 0.75 0.558
10 0.586 0.499
11 0.412 0.828
12 0.464 0.52
13 0.192 0.617
14 0.416 0.416
15 0.384 0.308
16 0.476 0.358
17 0.472 0.27
18 0.582 0.426
19 0.472 0.467
20 0.628 0.264
21 0.851 0.286
22 0.908 0.104
23 0.697 0.153
24 0.712 0.407
25 0.904 0.346
26 0.896 0.927
27 0.702 0.806
28 0.627 0.658
29 0.83 0.766
30 0.894 0.571
31 0.833 0.611
32 0.111 0.78
33 0.335 0.6
34 0.365 0.926
35 0.468 0.911
36 0.572 0.734
37 0.687 0.94
38 0.15 0.947
39 0.288 0.691
40 0.166 0.802
41 0.226 0.885
42 0.248 0.104
43 0.431 0.172
44 0.561 0.052
end level

level 75
width 9
height 13
objects
0 0.763 0.088
1 0.407 0.089
2 0.67 0.849
3 0.523 0.77
4 0.698 0.912
5 0.615 0.775
6 0.86 0.313
7 0.135 0.439
8 0.555 0.895
9 0.399 0.317
10 0.367 0.812
11 0.858 0.708
12 0.82 0.342
13 0.373 0.709
14 0.744 0.205
15 0.32 0.842
16 0.215 0.691
17 0.265 0.802
18 0.799 0.313
19 0.893 0.36
20 0.415 0.421
21 0.655 0.567
22 0.771 0.125
23 0.818 0.292
24 0.318 0.126
25 0.624 0.905
26 0.553 0.459
27 0.777 0.155
28 0.268 0.359
29 0.832 0.134
30 0.737 0.157
31 0.329 0.594
32 0.456 0.766
33 0.725 0.274
34 0.564 0.278
35 0.34 0.243
36 0.519 0.509
37 0.888 0.278
38 0.315 0.443
39 0.507 0.375
40 0.444 0.283
41 0.756 0.365
42 0.543 0.142
43 0.155 0.272
44 0.681 0.482
45 0.447 0.819
46 0.419 0.231
47 0.106 0.559
48 0.696 0.78
49 0.331 0.516
50 0.296 0.189
51 0.735 0.124
52 0.449 0.596
53 0.67 0.13
54 0.619 0.858
55 0.798 0.615
56 0.456 0.69
57 0.438 0.868
58 0.574 0.657
61 0.652 0.691
59 0.735 0.421
60 0.663 0.523
links
1 0
2 1
3 2
5 4
6 5
7 6
8 7
10 0
11 10
12 11
13 12
14 13
15 14
16 15
17 16
18 17
18 9
19 8
20 19
21 20
22 21
23 22
24 23
25 24
9 26
8 26
26 25
29 28
30 29
30 16
28 31
27 31
32 31
33 32
33 16
27 34
14 34
35 34
36 35
36 16
0 2
37 9
38 37
39 38
40 39
41 40
42 41
43 42
43 18
4 44
5 27
7 28
9 29
44 14
3 12
45 3
45 44
45 13
4 34
31 6
8 29
47 46
48 47
49 48
50 49
51 50
52 51
53 52
53 46
55 54
56 55
57 56
58 57
61 54
59 58
60 59
60 61
result
0 0.296 0.189
1 0.155 0.272
2 0.34 0.243
3 0.419 0.231
4 0.268 0.359
5 0.135 0.439
6 0.106 0.559
7 0.215 0.691
8 0.373 0.709
9 0.574 0.657
10 0.318 0.126
11 0.407 0.089
12 0.543 0.142
13 0.564 0.278
14 0.507 0.375
15 0.735 0.421
16 0.798 0.615
17 0.858 0.708
18 0.652 0.691
19 0.456 0.766
20 0.265 0.802
21 0.367 0.812
22 0.32 0.842
23 0.447 0.819
24 0.438 0.868
25 0.523 0.77
26 0.456 0.69
27 0.315 0.443
28 0.329 0.594
29 0.449 0.596
30 0.655 0.567
31 0.331 0.516
32 0.519 0.509
33 0.663 0.523
34 0.415 0.421
35 0.553 0.459
36 0.681 0.482
37 0.615 0.775
38 0.555 0.895
39 0.619 0.858
40 0.624 0.905
41 0.67 0.849
42 0.698 0.912
43 0.696 0.78
44 0.399 0.317
45 0.444 0.283
46 0.735 0.124
47 0.763 0.088
48 0.771 0.125
49 0.832 0.134
50 0.777 0.155
51 0.744 0.205
52 0.737 0.157
53 0.67 0.13
54 0.818 0.292
55 0.888 0.278
56 0.86 0.313
57 0.893 0.36
58 0.82 0.342
61 0.725 0.274
59 0.756 0.365
60 0.799 0.313
end level

level 76
width 9
height 13
objects
0 0.13 0.863
1 0.863 0.71
2 0.166 0.641
3 0.182 0.271
4 0.869 0.176
5 0.19 0.145
6 0.537 0.8
7 0.316 0.404
8 0.863 0.948
9 0.127 0.349
10 0.644 0.065
11 0.514 0.213
12 0.749 0.095
13 0.649 0.257
14 0.815 0.566
15 0.842 0.405
16 0.756 0.919
17 0.381 0.499
18 0.211 0.845
19 0.74 0.661
20 0.873 0.594
21 0.646 0.371
22 0.866 0.502
23 0.72 0.897
24 0.484 0.585
25 0.472 0.923
26 0.9 0.437
27 0.783 0.169
28 0.523 0.621
29 0.423 0.442
30 0.211 0.428
31 0.214 0.106
32 0.197 0.594
33 0.104 0.539
34 0.468 0.345
35 0.561 0.143
36 0.206 0.947
37 0.442 0.817
38 0.27 0.728
39 0.664 0.836
40 0.48 0.413
41 0.26 0.593
42 0.799 0.705
43 0.322 0.665
44 0.595 0.95
45 0.099 0.049
46 0.54 0.44
47 0.589 0.679
48 0.832 0.27
49 0.811 0.505
50 0.295 0.862
51 0.682 0.464
52 0.459 0.136
53 0.364 0.219
54 0.358 0.872
55 0.89 0.306
56 0.283 0.181
links
1 0
2 1
3 2
4 3
5 4
8 7
8 0
10 9
11 10
12 11
13 12
14 13
15 14
16 15
17 16
18 17
18 9
20 19
21 20
22 21
23 22
24 23
25 24
25 19
27 26
28 27
29 28
30 29
31 30
32 31
7 33
6 34
33 34
34 32
26 28
36 35
37 36
38 37
39 38
40 39
40 3
35 13
41 22
42 41
43 42
6 44
5 44
44 43
46 45
47 46
48 47
48 45
50 49
51 50
51 49
53 52
54 53
55 54
56 55
56 52
result
0 0.316 0.404
1 0.514 0.213
2 0.783 0.169
3 0.811 0.505
4 0.523 0.621
5 0.211 0.845
6 0.197 0.594
7 0.54 0.44
8 0.48 0.413
9 0.423 0.442
10 0.211 0.428
11 0.364 0.219
12 0.561 0.143
13 0.749 0.095
14 0.644 0.065
15 0.214 0.106
16 0.099 0.049
17 0.127 0.349
18 0.104 0.539
19 0.815 0.566
20 0.589 0.679
21 0.442 0.817
22 0.358 0.872
23 0.72 0.897
24 0.799 0.705
25 0.873 0.594
26 0.649 0.257
27 0.468 0.345
28 0.646 0.371
29 0.682 0.464
30 0.484 0.585
31 0.322 0.665
32 0.27 0.728
33 0.381 0.499
34 0.26 0.593
35 0.869 0.176
36 0.832 0.27
37 0.89 0.306
38 0.842 0.405
39 0.9 0.437
40 0.866 0.502
41 0.295 0.862
42 0.206 0.947
43 0.13 0.863
44 0.166 0.641
45 0.19 0.145
46 0.182 0.271
47 0.283 0.181
48 0.459 0.136
49 0.74 0.661
50 0.537 0.8
51 0.664 0.836
52 0.863 0.71
53 0.756 0.919
54 0.472 0.923
55 0.595 0.95
56 0.863 0.948
end level

level 77
width 9
height 13
objects
0 0.787 0.662
1 0.294 0.406
2 0.881 0.192
3 0.88 0.957
4 0.887 0.36
5 0.344 0.07
6 0.102 0.443
7 0.861 0.394
8 0.246 0.788
9 0.914 0.764
10 0.243 0.063
11 0.172 0.311
12 0.339 0.726
13 0.465 0.949
14 0.894 0.073
15 0.845 0.264
16 0.74 0.455
17 0.18 0.651
18 0.506 0.424
19 0.737 0.52
20 0.574 0.518
21 0.799 0.51
22 0.445 0.764
23 0.643 0.746
24 0.202 0.76
25 0.776 0.882
26 0.767 0.181
27 0.404 0.297
28 0.195 0.362
29 0.663 0.042
30 0.098 0.133
31 0.085 0.249
32 0.74 0.109
33 0.887 0.313
34 0.261 0.591
35 0.751 0.85
36 0.461 0.225
37 0.37 0.148
38 0.627 0.272
39 0.738 0.606
40 0.795 0.807
41 0.449 0.381
42 0.573 0.377
43 0.204 0.177
44 0.449 0.149
45 0.501 0.302
46 0.308 0.841
47 0.757 0.361
48 0.116 0.055
49 0.591 0.06
50 0.091 0.58
51 0.152 0.916
52 0.14 0.492
53 0.856 0.701
54 0.267 0.289
55 0.102 0.796
links
1 0
2 1
3 2
5 4
6 0
8 7
9 8
10 9
11 10
12 11
13 12
13 7
15 14
16 15
17 16
18 17
19 18
20 19
21 20
22 21
22 14
24 23
25 24
26 25
27 26
28 27
28 23
29 11
29 13
30 8
30 9
4 31
3 31
32 31
33 32
6 34
5 34
34 33
36 35
37 36
38 37
39 38
39 35
41 40
42 41
42 40
43 15
44 43
44 20
45 19
45 18
46 11
46 29
47 29
48 47
48 10
49 2
49 31
51 50
52 51
52 50
54 53
55 54
55 53
result
0 0.204 0.177
1 0.344 0.07
2 0.767 0.181
3 0.845 0.264
4 0.404 0.297
5 0.195 0.362
6 0.085 0.249
7 0.501 0.302
8 0.757 0.361
9 0.861 0.394
10 0.856 0.701
11 0.339 0.726
12 0.574 0.518
13 0.573 0.377
14 0.449 0.381
15 0.091 0.58
16 0.102 0.796
17 0.152 0.916
18 0.751 0.85
19 0.445 0.764
20 0.246 0.788
21 0.261 0.591
22 0.506 0.424
23 0.643 0.746
24 0.914 0.764
25 0.88 0.957
26 0.465 0.949
27 0.776 0.882
28 0.795 0.807
29 0.737 0.52
30 0.74 0.455
31 0.461 0.225
32 0.37 0.148
33 0.267 0.289
34 0.172 0.311
35 0.591 0.06
36 0.74 0.109
37 0.881 0.192
38 0.894 0.073
39 0.663 0.042
40 0.102 0.443
41 0.294 0.406
42 0.14 0.492
43 0.18 0.651
44 0.202 0.76
45 0.308 0.841
46 0.738 0.606
47 0.799 0.51
48 0.787 0.662
49 0.449 0.149
50 0.627 0.272
51 0.887 0.313
52 0.887 0.36
53 0.098 0.133
54 0.243 0.063
55 0.116 0.055
end level

level 78
width 9
height 13
objects
0 0.153 0.286
1 0.598 0.94
2 0.435 0.706
3 0.766 0.106
4 0.649 0.679
5 0.515 0.192
6 0.671 0.919
7 0.245 0.394
8 0.115 0.653
9 0.569 0.48
10 0.456 0.345
11 0.573 0.87
12 0.124 0.129
13 0.315 0.721
14 0.606 0.153
15 0.408 0.729
16 0.221 0.725
17 0.869 0.308
18 0.683 0.202
19 0.499 0.653
20 0.606 0.051
21 0.855 0.948
22 0.719 0.262
23 0.592 0.605
24 0.82 0.758
25 0.313 0.667
26 0.38 0.38
27 0.518 0.154
28 0.734 0.455
29 0.662 0.78
30 0.408 0.07
31 0.411 0.788
32 0.151 0.741
33 0.631 0.19
34 0.557 0.812
35 0.744 0.771
36 0.76 0.668
37 0.735 0.379
38 0.123 0.817
39 0.872 0.397
40 0.194 0.254
41 0.768 0.84
42 0.884 0.08
43 0.147 0.35
44 0.551 0.313
45 0.808 0.379
46 0.472 0.514
47 0.298 0.885
48 0.685 0.434
49 0.127 0.924
50 0.38 0.685
51 0.661 0.297
52 0.376 0.548
53 0.285 0.087
54 0.221 0.22
55 0.711 0.121
56 0.809 0.708
57 0.674 0.552
links
1 0
2 1
3 2
4 3
5 4
6 5
7 6
8 7
8 0
10 9
11 10
11 9
13 12
14 13
15 14
16 15
17 16
18 17
19 18
19 12
21 20
22 21
23 22
24 23
24 20
26 25
27 26
28 27
29 28
30 29
31 30
32 31
33 32
34 33
35 34
35 25
37 36
38 37
39 38
40 39
41 40
42 41
43 42
44 43
45 36
12 2
41 1
46 18
47 46
48 47
49 48
49 16
50 36
51 50
52 51
53 52
53 43
7 10
15 27
32 30
45 54
44 54
54 5
0 40
55 13
56 55
57 56
57 15
result
0 0.124 0.129
1 0.661 0.297
2 0.569 0.48
3 0.499 0.653
4 0.744 0.771
5 0.573 0.87
6 0.151 0.741
7 0.38 0.38
8 0.153 0.286
9 0.147 0.35
10 0.245 0.394
11 0.115 0.653
12 0.685 0.434
13 0.592 0.605
14 0.76 0.668
15 0.808 0.379
16 0.711 0.121
17 0.285 0.087
18 0.515 0.192
19 0.719 0.262
20 0.766 0.106
21 0.869 0.308
22 0.884 0.08
23 0.606 0.051
24 0.408 0.07
25 0.649 0.679
26 0.809 0.708
27 0.872 0.397
28 0.855 0.948
29 0.598 0.94
30 0.127 0.924
31 0.123 0.817
32 0.298 0.885
33 0.671 0.919
34 0.768 0.84
35 0.82 0.758
36 0.221 0.725
37 0.376 0.548
38 0.456 0.345
39 0.194 0.254
40 0.221 0.22
41 0.551 0.313
42 0.472 0.514
43 0.435 0.706
44 0.662 0.78
45 0.411 0.788
46 0.518 0.154
47 0.606 0.153
48 0.631 0.19
49 0.683 0.202
50 0.313 0.667
51 0.315 0.721
52 0.38 0.685
53 0.408 0.729
54 0.557 0.812
55 0.674 0.552
56 0.734 0.455
57 0.735 0.379
end level

level 79
width 9
height 13
objects
0 0.333 0.552
1 0.523 0.86
2 0.498 0.567
3 0.175 0.624
4 0.862 0.912
5 0.385 0.121
6 0.323 0.454
7 0.336 0.748
8 0.621 0.104
9 0.486 0.466
10 0.345 0.28
11 0.428 0.223
12 0.914 0.823
13 0.693 0.812
14 0.638 0.341
15 0.657 0.271
16 0.789 0.14
17 0.816 0.348
18 0.446 0.894
19 0.465 0.643
20 0.877 0.535
21 0.372 0.789
22 0.403 0.051
23 0.391 0.855
24 0.195 0.885
25 0.649 0.707
26 0.715 0.463
27 0.168 0.417
28 0.443 0.83
29 0.887 0.343
30 0.589 0.783
31 0.563 0.406
32 0.265 0.753
33 0.511 0.095
34 0.654 0.887
35 0.473 0.716
36 0.101 0.121
37 0.716 0.242
38 0.125 0.468
39 0.309 0.325
40 0.216 0.697
41 0.334 0.659
42 0.085 0.857
43 0.779 0.655
44 0.557 0.501
45 0.633 0.667
46 0.748 0.926
47 0.641 0.055
48 0.181 0.942
49 0.352 0.396
50 0.856 0.084
51 0.37 0.091
52 0.872 0.604
53 0.334 0.826
54 0.559 0.154
55 0.287 0.875
57 0.476 0.313
58 0.129 0.733
59 0.447 0.788
60 0.421 0.949
61 0.202 0.211
62 0.226 0.354
63 0.592 0.842
64 0.419 0.167
56 0.364 0.687
65 0.541 0.653
66 0.444 0.567
67 0.281 0.24
68 0.314 0.063
69 0.219 0.417
70 0.418 0.346
71 0.792 0.449
72 0.23 0.157
73 0.21 0.495
74 0.89 0.73
75 0.415 0.521
links
1 0
2 1
3 2
4 3
5 4
6 5
8 7
9 8
10 9
11 10
12 11
13 12
14 13
15 14
16 15
17 16
17 0
19 18
20 19
21 20
22 21
23 22
25 24
26 25
27 26
28 27
29 28
30 29
31 30
32 31
33 32
34 33
34 18
7 35
6 35
35 28
36 20
37 36
38 37
38 12
39 7
40 39
41 40
42 41
43 42
44 43
45 44
46 45
47 46
48 47
49 48
50 49
51 50
52 51
53 52
54 53
55 54
55 44
58 57
59 58
60 59
61 60
62 61
63 62
24 64
23 64
56 57
65 56
65 63
66 28
67 66
68 67
68 10
70 69
71 70
72 71
73 72
74 73
75 74
75 69
result
0 0.226 0.354
1 0.281 0.24
2 0.428 0.223
3 0.638 0.341
4 0.715 0.463
5 0.465 0.643
6 0.336 0.748
7 0.447 0.788
8 0.633 0.667
9 0.779 0.655
10 0.862 0.912
11 0.748 0.926
12 0.421 0.949
13 0.195 0.885
14 0.216 0.697
15 0.415 0.521
16 0.352 0.396
17 0.219 0.417
18 0.323 0.454
19 0.333 0.552
20 0.175 0.624
21 0.125 0.468
22 0.101 0.121
23 0.314 0.063
24 0.641 0.055
25 0.856 0.084
26 0.887 0.343
27 0.877 0.535
28 0.541 0.653
29 0.792 0.449
30 0.657 0.271
31 0.419 0.167
32 0.202 0.211
33 0.168 0.417
34 0.21 0.495
35 0.473 0.716
36 0.129 0.733
37 0.085 0.857
38 0.181 0.942
39 0.649 0.707
40 0.693 0.812
41 0.654 0.887
42 0.446 0.894
43 0.287 0.875
44 0.265 0.753
45 0.334 0.659
46 0.444 0.567
47 0.486 0.466
48 0.418 0.346
49 0.309 0.325
50 0.345 0.28
51 0.476 0.313
52 0.563 0.406
53 0.557 0.501
54 0.498 0.567
55 0.364 0.687
57 0.385 0.121
58 0.559 0.154
59 0.716 0.242
60 0.816 0.348
61 0.789 0.14
62 0.621 0.104
63 0.511 0.095
64 0.403 0.051
56 0.23 0.157
65 0.37 0.091
66 0.872 0.604
67 0.89 0.73
68 0.914 0.823
69 0.334 0.826
70 0.372 0.789
71 0.443 0.83
72 0.589 0.783
73 0.592 0.842
74 0.523 0.86
75 0.391 0.855
end level

level 80
width 9
height 13
objects
0 0.181 0.175
1 0.407 0.806
2 0.275 0.265
3 0.199 0.592
4 0.268 0.222
5 0.249 0.772
6 0.881 0.205
7 0.289 0.87
8 0.112 0.514
9 0.274 0.408
10 0.526 0.759
11 0.668 0.751
12 0.199 0.877
13 0.49 0.111
14 0.639 0.158
15 0.738 0.104
16 0.887 0.832
17 0.526 0.063
18 0.786 0.601
19 0.759 0.255
20 0.898 0.694
21 0.812 0.287
22 0.719 0.9
23 0.564 0.316
24 0.637 0.564
25 0.869 0.914
26 0.631 0.806
27 0.514 0.824
28 0.396 0.302
29 0.101 0.28
30 0.277 0.146
31 0.445 0.572
32 0.393 0.895
33 0.697 0.229
34 0.743 0.355
35 0.307 0.314
36 0.405 0.144
37 0.682 0.438
38 0.214 0.349
39 0.784 0.937
40 0.787 0.896
41 0.393 0.634
42 0.408 0.343
43 0.475 0.486
44 0.88 0.062
45 0.496 0.26
46 0.227 0.109
47 0.72 0.824
48 0.62 0.194
49 0.771 0.158
50 0.321 0.725
51 0.303 0.519
52 0.686 0.488
53 0.88 0.447
54 0.119 0.355
55 0.808 0.44
56 0.849 0.341
57 0.329 0.456
58 0.688 0.581
59 0.119 0.409
60 0.486 0.894
61 0.152 0.922
62 0.315 0.833
63 0.639 0.273
64 0.815 0.666
65 0.719 0.651
66 0.532 0.653
67 0.598 0.698
68 0.623 0.333
69 0.612 0.859
70 0.115 0.185
71 0.563 0.522
72 0.193 0.722
73 0.273 0.354
74 0.189 0.065
75 0.131 0.606
76 0.241 0.676
77 0.416 0.729
78 0.563 0.582
79 0.581 0.11
links
1 0
2 1
3 2
4 3
5 4
6 5
6 0
8 7
9 8
10 9
11 10
12 11
13 12
14 13
15 14
16 15
17 16
18 17
19 18
20 19
21 20
21 7
23 22
24 23
25 24
26 25
27 26
28 27
28 22
30 29
31 30
32 31
33 32
34 33
35 34
36 35
36 29
37 21
38 37
39 38
40 39
41 40
42 41
43 42
44 43
45 44
46 45
47 46
48 47
49 48
50 49
51 50
52 51
53 52
53 44
55 54
56 55
57 56
58 57
58 23
54 22
60 59
61 60
62 61
63 62
64 63
65 64
66 65
67 66
68 67
68 1
59 0
69 30
70 69
71 70
72 71
73 72
74 73
75 74
75 30
76 13
77 76
78 77
79 78
79 13
result
0 0.119 0.355
1 0.274 0.408
2 0.623 0.333
3 0.812 0.287
4 0.881 0.205
5 0.697 0.229
6 0.268 0.222
7 0.119 0.409
8 0.329 0.456
9 0.743 0.355
10 0.849 0.341
11 0.88 0.447
12 0.898 0.694
13 0.719 0.9
14 0.486 0.894
15 0.514 0.824
16 0.416 0.729
17 0.532 0.653
18 0.563 0.582
19 0.445 0.572
20 0.199 0.592
21 0.112 0.514
22 0.131 0.606
23 0.241 0.676
24 0.393 0.634
25 0.321 0.725
26 0.407 0.806
27 0.393 0.895
28 0.152 0.922
29 0.101 0.28
30 0.181 0.175
31 0.62 0.194
32 0.771 0.158
33 0.88 0.062
34 0.526 0.063
35 0.189 0.065
36 0.115 0.185
37 0.303 0.519
38 0.475 0.486
39 0.682 0.438
40 0.808 0.44
41 0.786 0.601
42 0.815 0.666
43 0.72 0.824
44 0.612 0.859
45 0.526 0.759
46 0.598 0.698
47 0.637 0.564
48 0.563 0.522
49 0.686 0.488
50 0.688 0.581
51 0.719 0.651
52 0.668 0.751
53 0.631 0.806
54 0.193 0.722
55 0.199 0.877
56 0.289 0.87
57 0.315 0.833
58 0.249 0.772
59 0.214 0.349
60 0.275 0.265
61 0.496 0.26
62 0.639 0.273
63 0.759 0.255
64 0.564 0.316
65 0.396 0.302
66 0.307 0.314
67 0.273 0.354
68 0.408 0.343
69 0.227 0.109
70 0.49 0.111
71 0.581 0.11
72 0.738 0.104
73 0.639 0.158
74 0.405 0.144
75 0.277 0.146
76 0.887 0.832
77 0.869 0.914
78 0.784 0.937
79 0.787 0.896
end level

level 81
width 9
height 13
objects
0 0.29 0.416
1 0.147 0.233
2 0.245 0.226
3 0.724 0.118
4 0.262 0.18
5 0.722 0.317
6 0.193 0.87
7 0.743 0.514
8 0.51 0.54
9 0.856 0.584
10 0.416 0.715
11 0.656 0.865
12 0.816 0.377
13 0.44 0.833
14 0.8 0.427
15 0.332 0.79
16 0.898 0.264
17 0.531 0.348
18 0.581 0.083
19 0.609 0.408
20 0.176 0.064
21 0.149 0.325
22 0.525 0.602
23 0.251 0.687
24 0.82 0.717
25 0.919 0.715
26 0.231 0.541
27 0.415 0.273
28 0.843 0.249
29 0.782 0.907
30 0.812 0.853
31 0.296 0.5
32 0.146 0.142
33 0.809 0.529
34 0.51 0.13
35 0.342 0.89
36 0.497 0.404
37 0.364 0.225
38 0.299 0.117
39 0.908 0.487
40 0.248 0.831
41 0.51 0.474
42 0.618 0.805
43 0.361 0.382
44 0.563 0.771
45 0.461 0.782
46 0.167 0.598
47 0.436 0.428
48 0.801 0.195
49 0.513 0.302
50 0.314 0.7
51 0.709 0.738
52 0.284 0.26
53 0.179 0.439
54 0.764 0.584
55 0.244 0.353
56 0.445 0.189
57 0.08 0.133
58 0.629 0.478
59 0.626 0.699
60 0.364 0.759
61 0.699 0.657
62 0.621 0.214
63 0.757 0.163
64 0.852 0.085
65 0.275 0.752
66 0.546 0.672
67 0.293 0.935
68 0.367 0.467
links
1 0
2 1
3 2
4 3
5 4
6 5
7 6
8 7
8 0
10 9
11 10
12 11
13 12
14 13
15 14
16 15
17 16
18 17
19 18
20 19
21 20
22 21
23 22
23 9
25 24
26 25
27 26
28 27
29 28
30 29
31 30
32 31
33 32
33 24
35 34
36 35
37 36
38 37
39 38
40 39
40 34
41 0
42 41
43 42
44 43
45 44
45 2
46 20
47 46
48 47
49 48
50 49
51 50
51 11
53 52
54 53
55 54
56 55
57 56
57 54
52 12
58 31
59 58
60 59
61 60
62 61
63 62
64 63
65 64
66 65
67 66
68 67
68 65
18 29
30 17
38 3
26 14
28 53
41 40
36 5
result
0 0.149 0.325
1 0.513 0.302
2 0.722 0.317
3 0.801 0.195
4 0.852 0.085
5 0.581 0.083
6 0.176 0.064
7 0.08 0.133
8 0.147 0.233
9 0.843 0.249
10 0.898 0.264
11 0.908 0.487
12 0.856 0.584
13 0.919 0.715
14 0.812 0.853
15 0.782 0.907
16 0.293 0.935
17 0.193 0.87
18 0.167 0.598
19 0.179 0.439
20 0.244 0.353
21 0.531 0.348
22 0.609 0.408
23 0.816 0.377
24 0.342 0.89
25 0.656 0.865
26 0.82 0.717
27 0.764 0.584
28 0.525 0.602
29 0.231 0.541
30 0.251 0.687
31 0.314 0.7
32 0.275 0.752
33 0.248 0.831
34 0.146 0.142
35 0.299 0.117
36 0.51 0.13
37 0.724 0.118
38 0.757 0.163
39 0.445 0.189
40 0.262 0.18
41 0.245 0.226
42 0.284 0.26
43 0.364 0.225
44 0.415 0.273
45 0.621 0.214
46 0.29 0.416
47 0.361 0.382
48 0.436 0.428
49 0.497 0.404
50 0.629 0.478
51 0.8 0.427
52 0.809 0.529
53 0.743 0.514
54 0.51 0.54
55 0.296 0.5
56 0.367 0.467
57 0.51 0.474
58 0.416 0.715
59 0.546 0.672
60 0.699 0.657
61 0.709 0.738
62 0.618 0.805
63 0.44 0.833
64 0.332 0.79
65 0.364 0.759
66 0.626 0.699
67 0.563 0.771
68 0.461 0.782
end level

level 82
width 9
height 13
objects
0 0.548 0.045
1 0.476 0.35
2 0.698 0.427
3 0.118 0.821
4 0.534 0.824
5 0.738 0.621
6 0.797 0.54
7 0.109 0.539
8 0.539 0.492
9 0.309 0.72
10 0.54 0.419
11 0.631 0.648
12 0.392 0.465
13 0.326 0.62
14 0.109 0.891
15 0.419 0.792
16 0.603 0.215
17 0.842 0.204
18 0.607 0.882
19 0.57 0.954
20 0.272 0.292
21 0.298 0.814
22 0.228 0.873
23 0.863 0.905
24 0.185 0.155
25 0.631 0.122
26 0.578 0.31
27 0.799 0.323
28 0.572 0.586
29 0.105 0.428
30 0.411 0.269
31 0.208 0.826
32 0.735 0.233
33 0.114 0.752
34 0.661 0.772
35 0.812 0.069
36 0.717 0.388
37 0.292 0.371
38 0.894 0.621
39 0.266 0.506
40 0.71 0.941
41 0.375 0.114
42 0.545 0.25
43 0.2 0.616
44 0.239 0.55
45 0.37 0.234
46 0.151 0.261
47 0.202 0.416
48 0.692 0.31
49 0.393 0.556
50 0.863 0.415
51 0.598 0.789
52 0.196 0.768
53 0.218 0.063
54 0.362 0.911
55 0.433 0.68
56 0.233 0.953
57 0.197 0.701
58 0.117 0.643
59 0.444 0.932
60 0.772 0.843
61 0.465 0.526
62 0.814 0.691
63 0.429 0.397
64 0.414 0.182
65 0.573 0.668
links
1 0
2 1
3 2
4 3
5 4
6 5
7 6
8 7
9 8
11 10
12 11
13 12
14 13
15 14
16 15
17 16
17 0
19 18
20 19
21 20
22 21
23 22
24 23
25 24
26 25
27 26
28 27
29 28
30 29
31 30
32 31
33 32
34 33
35 34
36 35
37 36
37 18
39 38
40 39
41 40
42 41
43 42
44 43
45 44
46 45
47 46
48 47
49 48
50 49
50 38
32 3
10 25
24 11
12 23
20 13
19 15
0 37
2 33
1 34
51 0
52 51
53 52
54 53
55 54
56 55
57 56
58 57
59 58
60 59
10 61
9 61
60 61
50 62
63 62
64 63
45 65
62 65
65 64
result
0 0.692 0.31
1 0.603 0.215
2 0.414 0.182
3 0.151 0.261
4 0.105 0.428
5 0.239 0.55
6 0.393 0.556
7 0.573 0.668
8 0.534 0.824
9 0.444 0.932
10 0.71 0.941
11 0.661 0.772
12 0.738 0.621
13 0.539 0.492
14 0.392 0.465
15 0.292 0.371
16 0.411 0.269
17 0.578 0.31
18 0.476 0.35
19 0.429 0.397
20 0.54 0.419
21 0.698 0.427
22 0.797 0.54
23 0.814 0.691
24 0.772 0.843
25 0.863 0.905
26 0.894 0.621
27 0.863 0.415
28 0.842 0.204
29 0.812 0.069
30 0.548 0.045
31 0.218 0.063
32 0.185 0.155
33 0.375 0.114
34 0.631 0.122
35 0.735 0.233
36 0.799 0.323
37 0.717 0.388
38 0.109 0.539
39 0.2 0.616
40 0.326 0.62
41 0.433 0.68
42 0.419 0.792
43 0.362 0.911
44 0.233 0.953
45 0.109 0.891
46 0.228 0.873
47 0.298 0.814
48 0.309 0.72
49 0.197 0.701
50 0.117 0.643
51 0.545 0.25
52 0.37 0.234
53 0.272 0.292
54 0.202 0.416
55 0.266 0.506
56 0.465 0.526
57 0.572 0.586
58 0.631 0.648
59 0.598 0.789
60 0.607 0.882
61 0.57 0.954
62 0.114 0.752
63 0.196 0.768
64 0.208 0.826
65 0.118 0.821
end level

level 83
width 9
height 13
objects
0 0.241 0.661
1 0.214 0.702
2 0.345 0.71
3 0.286 0.244
4 0.859 0.414
5 0.608 0.137
6 0.504 0.807
7 0.413 0.57
8 0.473 0.64
9 0.855 0.771
10 0.837 0.902
11 0.566 0.476
12 0.144 0.051
13 0.407 0.508
14 0.202 0.799
15 0.213 0.284
16 0.146 0.73
17 0.935 0.764
18 0.143 0.305
19 0.192 0.209
20 0.523 0.065
21 0.56 0.422
22 0.676 0.142
23 0.82 0.558
24 0.333 0.389
25 0.752 0.535
26 0.511 0.275
27 0.572 0.094
28 0.233 0.414
29 0.917 0.883
30 0.422 0.645
31 0.442 0.788
32 0.073 0.893
33 0.431 0.169
34 0.294 0.484
35 0.354 0.584
36 0.766 0.473
37 0.131 0.211
38 0.794 0.415
39 0.416 0.737
40 0.78 0.304
41 0.595 0.85
42 0.236 0.527
43 0.219 0.891
44 0.721 0.397
45 0.697 0.64
46 0.253 0.845
47 0.682 0.724
48 0.595 0.641
49 0.749 0.893
50 0.335 0.653
51 0.43 0.467
52 0.82 0.202
53 0.89 0.49
54 0.549 0.333
55 0.69 0.879
56 0.373 0.742
57 0.624 0.456
58 0.445 0.264
59 0.908 0.061
60 0.074 0.763
61 0.73 0.259
62 0.846 0.153
63 0.636 0.306
64 0.186 0.571
65 0.877 0.307
66 0.196 0.442
67 0.877 0.345
68 0.363 0.279
69 0.324 0.849
70 0.679 0.911
71 0.77 0.858
72 0.832 0.821
73 0.384 0.828
74 0.81 0.055
75 0.794 0.615
76 0.889 0.797
77 0.869 0.616
78 0.485 0.396
79 0.479 0.854
80 0.78 0.915
81 0.192 0.105
82 0.881 0.224
83 0.633 0.737
84 0.881 0.733
85 0.834 0.286
86 0.231 0.325
87 0.764 0.212
88 0.409 0.355
89 0.733 0.776
90 0.712 0.183
91 0.748 0.088
92 0.819 0.358
93 0.283 0.072
94 0.721 0.049
95 0.929 0.854
96 0.333 0.891
97 0.147 0.644
98 0.097 0.354
99 0.201 0.156
100 0.578 0.67
101 0.271 0.288
102 0.418 0.678
103 0.923 0.645
104 0.315 0.227
105 0.623 0.515
106 0.586 0.761
108 0.128 0.161
107 0.739 0.684
109 0.158 0.879
110 0.935 0.326
111 0.098 0.405
112 0.716 0.594
113 0.672 0.099
114 0.763 0.815
115 0.137 0.489
116 0.211 0.627
117 0.483 0.912
118 0.492 0.597
119 0.797 0.685
120 0.485 0.712
121 0.733 0.151
122 0.346 0.082
123 0.112 0.085
124 0.144 0.827
125 0.534 0.578
126 0.62 0.065
127 0.101 0.128
128 0.204 0.939
129 0.162 0.348
130 0.064 0.252
131 0.088 0.612
132 0.568 0.209
133 0.291 0.782
134 0.522 0.688
135 0.699 0.817
136 0.838 0.856
137 0.15 0.273
138 0.792 0.756
139 0.797 0.109
140 0.825 0.95
links
1 0
2 1
3 2
4 3
5 4
6 5
8 7
9 8
10 0
11 0
12 11
13 12
14 13
14 10
15 12
18 17
19 18
20 19
22 21
17 23
16 23
20 21
22 24
13 24
25 24
10 26
9 26
26 25
27 22
27 9
28 22
29 28
29 9
30 12
30 0
16 31
15 31
7 32
6 32
34 33
35 34
36 35
37 36
38 37
39 38
40 39
41 40
42 41
43 42
44 43
45 44
46 45
46 33
48 47
49 48
50 49
51 50
52 51
53 52
53 47
55 54
56 55
57 56
58 57
59 58
59 54
46 41
60 45
61 60
61 42
62 33
62 39
63 34
64 63
64 38
65 56
66 65
66 59
67 52
67 49
68 53
68 48
70 69
71 70
72 71
73 72
74 73
75 74
76 75
77 76
78 77
78 69
80 79
81 80
82 81
83 82
84 83
85 84
86 85
87 86
88 87
88 79
90 89
91 90
92 91
93 92
94 93
95 94
96 95
97 96
98 97
98 89
100 99
101 100
102 101
103 102
104 103
105 104
106 105
106 108
108 99
109 107
110 109
111 110
112 111
113 112
114 113
115 114
116 115
116 107
118 117
119 118
120 119
121 120
122 121
123 122
124 123
125 124
126 125
127 126
128 127
129 128
130 129
130 117
132 131
133 132
134 133
135 134
136 135
137 136
138 137
139 138
140 139
140 131
result
0 0.407 0.508
1 0.333 0.389
2 0.363 0.279
3 0.346 0.082
4 0.608 0.137
5 0.73 0.259
6 0.624 0.456
7 0.89 0.49
8 0.869 0.616
9 0.739 0.684
10 0.492 0.597
11 0.294 0.484
12 0.354 0.584
13 0.422 0.645
14 0.473 0.64
15 0.236 0.527
16 0.098 0.405
17 0.146 0.73
18 0.373 0.742
19 0.324 0.849
20 0.483 0.912
21 0.69 0.879
22 0.633 0.737
23 0.088 0.612
24 0.522 0.688
25 0.578 0.67
26 0.595 0.641
27 0.682 0.724
28 0.733 0.776
29 0.792 0.756
30 0.413 0.57
31 0.196 0.442
32 0.794 0.415
33 0.43 0.467
34 0.409 0.355
35 0.445 0.264
36 0.431 0.169
37 0.568 0.209
38 0.636 0.306
39 0.56 0.422
40 0.566 0.476
41 0.623 0.515
42 0.766 0.473
43 0.82 0.558
44 0.794 0.615
45 0.697 0.64
46 0.534 0.578
47 0.137 0.489
48 0.186 0.571
49 0.335 0.653
50 0.418 0.678
51 0.345 0.71
52 0.214 0.702
53 0.147 0.644
54 0.485 0.712
55 0.416 0.737
56 0.384 0.828
57 0.479 0.854
58 0.595 0.85
59 0.586 0.761
60 0.716 0.594
61 0.752 0.535
62 0.485 0.396
63 0.511 0.275
64 0.549 0.333
65 0.442 0.788
66 0.504 0.807
67 0.241 0.661
68 0.211 0.627
69 0.15 0.273
70 0.192 0.209
71 0.213 0.284
72 0.271 0.288
73 0.231 0.325
74 0.233 0.414
75 0.162 0.348
76 0.097 0.354
77 0.143 0.305
78 0.064 0.252
79 0.78 0.304
80 0.721 0.397
81 0.819 0.358
82 0.859 0.414
83 0.877 0.345
84 0.935 0.326
85 0.877 0.307
86 0.881 0.224
87 0.834 0.286
88 0.764 0.212
89 0.202 0.799
90 0.291 0.782
91 0.253 0.845
92 0.333 0.891
93 0.219 0.891
94 0.204 0.939
95 0.158 0.879
96 0.073 0.893
97 0.144 0.827
98 0.074 0.763
99 0.699 0.817
100 0.749 0.893
101 0.679 0.911
102 0.78 0.915
103 0.825 0.95
104 0.837 0.902
105 0.917 0.883
106 0.838 0.856
108 0.77 0.858
107 0.797 0.685
109 0.855 0.771
110 0.763 0.815
111 0.832 0.821
112 0.929 0.854
113 0.889 0.797
114 0.935 0.764
115 0.881 0.733
116 0.923 0.645
117 0.676 0.142
118 0.712 0.183
119 0.733 0.151
120 0.82 0.202
121 0.846 0.153
122 0.908 0.061
123 0.81 0.055
124 0.797 0.109
125 0.748 0.088
126 0.721 0.049
127 0.62 0.065
128 0.523 0.065
129 0.572 0.094
130 0.672 0.099
131 0.131 0.211
132 0.201 0.156
133 0.286 0.244
134 0.315 0.227
135 0.283 0.072
136 0.144 0.051
137 0.112 0.085
138 0.192 0.105
139 0.101 0.128
140 0.128 0.161
end level

level 84
width 9
height 13
objects
0 0.637 0.859
1 0.685 0.693
2 0.674 0.481
3 0.708 0.896
4 0.095 0.25
5 0.768 0.487
6 0.368 0.712
7 0.411 0.761
8 0.576 0.375
9 0.48 0.505
10 0.904 0.633
11 0.766 0.718
12 0.233 0.758
13 0.178 0.565
14 0.387 0.058
15 0.13 0.816
16 0.155 0.938
17 0.739 0.322
18 0.505 0.272
19 0.821 0.377
20 0.216 0.671
21 0.873 0.241
22 0.402 0.827
23 0.444 0.45
24 0.523 0.456
25 0.539 0.671
26 0.586 0.282
27 0.762 0.084
28 0.182 0.079
29 0.555 0.789
30 0.431 0.625
31 0.647 0.527
32 0.466 0.776
33 0.444 0.335
34 0.157 0.295
35 0.108 0.525
36 0.774 0.193
37 0.292 0.483
38 0.65 0.398
39 0.618 0.575
40 0.756 0.607
41 0.277 0.274
42 0.206 0.818
43 0.205 0.503
44 0.179 0.729
45 0.515 0.563
46 0.205 0.364
47 0.365 0.941
48 0.178 0.217
49 0.686 0.932
50 0.815 0.879
51 0.126 0.447
52 0.123 0.688
53 0.594 0.205
54 0.117 0.916
55 0.285 0.184
56 0.695 0.245
57 0.879 0.928
58 0.251 0.129
59 0.484 0.374
60 0.83 0.746
61 0.451 0.713
62 0.398 0.223
63 0.373 0.372
64 0.471 0.916
65 0.332 0.322
66 0.595 0.153
67 0.136 0.147
68 0.227 0.237
69 0.78 0.822
70 0.32 0.792
71 0.603 0.651
72 0.673 0.325
links
1 0
2 1
3 2
4 3
6 5
7 6
8 7
9 8
10 9
11 10
12 11
13 12
14 13
15 14
16 15
17 16
18 17
19 18
20 19
21 20
22 21
23 22
24 23
25 24
26 25
27 26
28 27
29 28
30 29
31 30
33 32
34 33
35 34
36 35
37 36
38 37
39 38
40 39
41 40
42 41
42 23
43 0
44 43
45 44
46 45
47 46
48 47
48 36
50 49
51 50
5 52
4 52
53 51
54 53
55 54
56 55
57 56
58 57
58 49
59 31
32 60
31 60
61 60
61 0
59 1
62 14
63 62
64 63
65 64
66 65
67 66
68 67
68 20
69 11
70 69
71 70
72 71
72 43
result
0 0.227 0.237
1 0.157 0.295
2 0.126 0.447
3 0.178 0.565
4 0.451 0.713
5 0.402 0.827
6 0.206 0.818
7 0.117 0.916
8 0.155 0.938
9 0.365 0.941
10 0.471 0.916
11 0.555 0.789
12 0.603 0.651
13 0.515 0.563
14 0.292 0.483
15 0.332 0.322
16 0.505 0.272
17 0.576 0.375
18 0.523 0.456
19 0.647 0.527
20 0.766 0.718
21 0.637 0.859
22 0.686 0.932
23 0.879 0.928
24 0.904 0.633
25 0.768 0.487
26 0.821 0.377
27 0.873 0.241
28 0.762 0.084
29 0.387 0.058
30 0.182 0.079
31 0.136 0.147
32 0.285 0.184
33 0.595 0.153
34 0.774 0.193
35 0.739 0.322
36 0.65 0.398
37 0.674 0.481
38 0.756 0.607
39 0.83 0.746
40 0.78 0.822
41 0.708 0.896
42 0.815 0.879
43 0.277 0.274
44 0.398 0.223
45 0.594 0.205
46 0.695 0.245
47 0.673 0.325
48 0.586 0.282
49 0.13 0.816
50 0.233 0.758
51 0.32 0.792
52 0.466 0.776
53 0.411 0.761
54 0.368 0.712
55 0.216 0.671
56 0.108 0.525
57 0.123 0.688
58 0.179 0.729
59 0.095 0.25
60 0.251 0.129
61 0.178 0.217
62 0.373 0.372
63 0.444 0.335
64 0.484 0.374
65 0.444 0.45
66 0.48 0.505
67 0.618 0.575
68 0.685 0.693
69 0.539 0.671
70 0.431 0.625
71 0.205 0.503
72 0.205 0.364
end level

level 85
width 9
height 13
objects
0 0.811 0.6
1 0.673 0.072
2 0.781 0.55
3 0.891 0.855
4 0.9 0.588
5 0.591 0.916
6 0.408 0.708
7 0.117 0.126
8 0.727 0.255
9 0.702 0.453
10 0.337 0.379
11 0.453 0.506
12 0.281 0.648
13 0.562 0.763
14 0.624 0.459
15 0.634 0.761
16 0.327 0.933
17 0.478 0.439
18 0.345 0.205
19 0.423 0.271
20 0.77 0.169
21 0.583 0.194
22 0.366 0.84
23 0.273 0.184
24 0.271 0.35
25 0.726 0.789
26 0.283 0.422
27 0.686 0.708
28 0.159 0.856
29 0.201 0.25
30 0.276 0.784
31 0.699 0.351
32 0.143 0.456
33 0.264 0.278
34 0.753 0.639
35 0.901 0.754
36 0.363 0.105
37 0.178 0.692
38 0.712 0.933
39 0.349 0.304
40 0.478 0.315
41 0.796 0.798
42 0.683 0.219
43 0.18 0.494
44 0.218 0.359
45 0.831 0.909
46 0.756 0.313
47 0.846 0.828
48 0.507 0.564
49 0.098 0.237
50 0.549 0.858
51 0.432 0.066
52 0.536 0.669
53 0.83 0.718
54 0.635 0.492
55 0.593 0.554
56 0.479 0.725
57 0.183 0.154
58 0.248 0.554
59 0.862 0.343
60 0.896 0.115
61 0.405 0.563
62 0.108 0.592
63 0.357 0.252
64 0.641 0.598
65 0.412 0.631
66 0.506 0.254
67 0.584 0.348
68 0.126 0.362
69 0.759 0.472
70 0.486 0.888
71 0.307 0.075
72 0.629 0.139
links
1 0
2 1
3 2
4 3
5 4
6 5
7 6
8 7
9 8
10 9
11 10
12 11
13 12
14 13
15 14
16 15
16 0
18 17
19 18
20 19
21 20
22 21
23 22
24 23
25 24
27 26
28 27
29 28
29 17
31 30
33 32
34 33
35 34
36 35
37 36
37 30
38 3
39 38
40 39
41 40
42 41
43 42
44 43
45 44
46 45
47 46
47 10
48 34
49 48
32 50
31 50
50 49
51 36
52 51
52 31
53 28
54 53
55 54
56 55
26 57
25 57
56 57
58 4
59 58
59 5
60 12
60 10
62 61
63 62
64 63
64 61
66 65
67 66
68 67
69 68
69 65
71 70
72 71
72 70
result
0 0.178 0.692
1 0.159 0.856
2 0.327 0.933
3 0.486 0.888
4 0.408 0.708
5 0.593 0.554
6 0.759 0.472
7 0.756 0.313
8 0.896 0.115
9 0.673 0.072
10 0.432 0.066
11 0.506 0.254
12 0.683 0.219
13 0.584 0.348
14 0.624 0.459
15 0.453 0.506
16 0.248 0.554
17 0.307 0.075
18 0.273 0.184
19 0.264 0.278
20 0.349 0.304
21 0.478 0.315
22 0.337 0.379
23 0.478 0.439
24 0.18 0.494
25 0.108 0.592
26 0.126 0.362
27 0.218 0.359
28 0.098 0.237
29 0.117 0.126
30 0.862 0.343
31 0.781 0.55
32 0.536 0.669
33 0.634 0.761
34 0.591 0.916
35 0.796 0.798
36 0.83 0.718
37 0.9 0.588
38 0.366 0.84
39 0.276 0.784
40 0.281 0.648
41 0.405 0.563
42 0.635 0.492
43 0.702 0.453
44 0.699 0.351
45 0.727 0.255
46 0.77 0.169
47 0.629 0.139
48 0.726 0.789
49 0.686 0.708
50 0.641 0.598
51 0.753 0.639
52 0.811 0.6
53 0.183 0.154
54 0.201 0.25
55 0.271 0.35
56 0.283 0.422
57 0.143 0.456
58 0.412 0.631
59 0.507 0.564
60 0.583 0.194
61 0.363 0.105
62 0.345 0.205
63 0.357 0.252
64 0.423 0.271
65 0.901 0.754
66 0.891 0.855
67 0.831 0.909
68 0.712 0.933
69 0.846 0.828
70 0.479 0.725
71 0.562 0.763
72 0.549 0.858
end level

level 86
width 9
height 13
objects
0 0.498 0.821
1 0.799 0.658
2 0.38 0.614
3 0.126 0.154
4 0.88 0.571
5 0.866 0.331
6 0.712 0.448
7 0.856 0.504
8 0.607 0.823
9 0.613 0.336
10 0.431 0.116
11 0.292 0.117
12 0.25 0.334
13 0.254 0.287
14 0.802 0.255
15 0.917 0.409
16 0.343 0.054
17 0.388 0.176
18 0.833 0.861
19 0.649 0.546
20 0.664 0.221
21 0.461 0.359
22 0.236 0.76
23 0.805 0.374
24 0.529 0.657
25 0.545 0.413
26 0.52 0.778
27 0.085 0.433
28 0.726 0.733
29 0.739 0.632
30 0.27 0.656
31 0.328 0.233
32 0.391 0.735
33 0.62 0.191
34 0.786 0.93
35 0.321 0.547
36 0.545 0.728
37 0.273 0.488
38 0.648 0.869
39 0.775 0.791
40 0.346 0.945
41 0.893 0.705
42 0.193 0.527
43 0.23 0.893
44 0.144 0.301
45 0.841 0.15
46 0.508 0.696
47 0.779 0.199
48 0.887 0.22
49 0.126 0.856
50 0.388 0.677
51 0.245 0.211
52 0.186 0.427
53 0.097 0.638
54 0.578 0.488
55 0.56 0.142
56 0.183 0.688
57 0.437 0.855
58 0.556 0.272
59 0.664 0.604
60 0.082 0.782
61 0.727 0.087
62 0.508 0.904
63 0.454 0.248
64 0.299 0.799
links
1 0
2 1
3 2
4 3
5 4
7 6
8 7
8 0
9 0
10 9
11 10
12 11
13 12
13 6
14 9
16 15
17 16
18 17
19 18
19 13
20 2
21 20
22 21
23 22
24 23
24 5
25 20
26 25
27 26
28 27
29 28
30 29
31 30
31 24
32 26
33 32
34 33
35 34
36 35
36 31
37 1
38 37
39 38
6 40
5 40
40 39
42 41
43 42
44 43
45 44
47 46
48 47
49 48
50 49
51 50
51 46
53 52
54 53
55 54
56 55
56 52
45 57
41 57
59 58
60 59
61 60
62 61
63 62
64 63
64 58
15 14
11 7
57 38
3 37
4 49
22 54
29 35
28 33
42 8
14 64
16 63
61 18
44 40
43 6
14 10
41 45
30 23
result
0 0.085 0.433
1 0.193 0.527
2 0.097 0.638
3 0.321 0.547
4 0.664 0.604
5 0.856 0.504
6 0.866 0.331
7 0.556 0.272
8 0.25 0.334
9 0.144 0.301
10 0.254 0.287
11 0.454 0.248
12 0.664 0.221
13 0.802 0.255
14 0.126 0.154
15 0.292 0.117
16 0.343 0.054
17 0.727 0.087
18 0.841 0.15
19 0.887 0.22
20 0.183 0.688
21 0.391 0.735
22 0.545 0.728
23 0.799 0.658
24 0.88 0.571
25 0.082 0.782
26 0.126 0.856
27 0.299 0.799
28 0.437 0.855
29 0.648 0.869
30 0.775 0.791
31 0.893 0.705
32 0.23 0.893
33 0.346 0.945
34 0.508 0.904
35 0.786 0.93
36 0.833 0.861
37 0.273 0.488
38 0.649 0.546
39 0.712 0.448
40 0.917 0.409
41 0.186 0.427
42 0.461 0.359
43 0.613 0.336
44 0.805 0.374
45 0.545 0.413
46 0.27 0.656
47 0.38 0.614
48 0.529 0.657
49 0.739 0.632
50 0.508 0.696
51 0.388 0.677
52 0.236 0.76
53 0.52 0.778
54 0.726 0.733
55 0.607 0.823
56 0.498 0.821
57 0.578 0.488
58 0.245 0.211
59 0.328 0.233
60 0.62 0.191
61 0.779 0.199
62 0.56 0.142
63 0.431 0.116
64 0.388 0.176
end level

level 87
width 9
height 13
objects
0 0.886 0.812
1 0.529 0.562
2 0.26 0.137
3 0.586 0.248
4 0.125 0.601
5 0.694 0.348
6 0.907 0.207
7 0.303 0.843
8 0.498 0.14
9 0.552 0.056
10 0.85 0.715
11 0.492 0.749
12 0.865 0.9
13 0.477 0.499
14 0.605 0.943
15 0.244 0.641
16 0.823 0.35
17 0.247 0.48
18 0.489 0.449
19 0.862 0.628
20 0.422 0.635
21 0.326 0.798
22 0.486 0.245
23 0.755 0.252
24 0.436 0.198
25 0.766 0.763
26 0.345 0.891
27 0.4 0.844
28 0.531 0.367
29 0.184 0.478
30 0.092 0.431
31 0.565 0.887
32 0.889 0.091
33 0.529 0.627
34 0.277 0.907
35 0.612 0.151
36 0.248 0.209
37 0.195 0.255
38 0.262 0.563
39 0.611 0.748
40 0.333 0.56
41 0.315 0.725
42 0.592 0.661
43 0.4 0.479
44 0.138 0.106
45 0.391 0.076
46 0.733 0.066
47 0.17 0.787
48 0.489 0.687
49 0.287 0.392
50 0.699 0.884
51 0.569 0.806
52 0.354 0.197
53 0.653 0.291
54 0.751 0.662
55 0.199 0.353
56 0.782 0.824
57 0.219 0.725
58 0.335 0.138
59 0.87 0.53
60 0.321 0.51
61 0.742 0.386
62 0.895 0.436
63 0.373 0.253
64 0.835 0.215
65 0.497 0.409
66 0.776 0.499
67 0.791 0.571
68 0.761 0.438
69 0.413 0.365
links
1 0
2 1
3 2
4 3
5 4
6 5
7 6
8 7
9 8
10 9
11 10
12 11
13 12
14 13
15 14
15 0
16 2
17 16
18 17
19 18
20 19
21 20
21 10
22 4
23 22
24 23
24 6
26 25
27 26
28 27
29 28
30 29
31 30
32 31
33 32
34 33
35 34
37 36
38 37
39 38
39 25
40 37
41 40
42 41
43 42
44 43
44 31
36 45
35 45
46 45
47 46
48 47
49 48
49 44
51 50
52 51
53 52
54 53
55 54
56 55
57 56
58 57
59 58
59 50
60 50
61 60
62 61
63 62
64 63
65 64
65 55
67 66
68 67
69 68
69 66
result
0 0.287 0.392
1 0.184 0.478
2 0.125 0.601
3 0.219 0.725
4 0.315 0.725
5 0.333 0.56
6 0.529 0.562
7 0.776 0.499
8 0.895 0.436
9 0.907 0.207
10 0.889 0.091
11 0.733 0.066
12 0.612 0.151
13 0.755 0.252
14 0.742 0.386
15 0.489 0.449
16 0.247 0.48
17 0.4 0.479
18 0.477 0.499
19 0.761 0.438
20 0.823 0.35
21 0.835 0.215
22 0.244 0.641
23 0.262 0.563
24 0.321 0.51
25 0.489 0.687
26 0.422 0.635
27 0.529 0.627
28 0.791 0.571
29 0.87 0.53
30 0.862 0.628
31 0.751 0.662
32 0.85 0.715
33 0.886 0.812
34 0.865 0.9
35 0.605 0.943
36 0.277 0.907
37 0.17 0.787
38 0.326 0.798
39 0.492 0.749
40 0.303 0.843
41 0.4 0.844
42 0.569 0.806
43 0.611 0.748
44 0.592 0.661
45 0.345 0.891
46 0.565 0.887
47 0.699 0.884
48 0.782 0.824
49 0.766 0.763
50 0.195 0.255
51 0.138 0.106
52 0.391 0.076
53 0.552 0.056
54 0.498 0.14
55 0.586 0.248
56 0.413 0.365
57 0.373 0.253
58 0.199 0.353
59 0.092 0.431
60 0.248 0.209
61 0.26 0.137
62 0.335 0.138
63 0.354 0.197
64 0.436 0.198
65 0.486 0.245
66 0.653 0.291
67 0.531 0.367
68 0.497 0.409
69 0.694 0.348
end level

level 88
width 9
height 13
objects
0 0.765 0.72
1 0.673 0.536
2 0.299 0.122
3 0.348 0.223
4 0.526 0.147
5 0.675 0.054
6 0.862 0.341
7 0.419 0.319
8 0.221 0.331
9 0.789 0.073
10 0.443 0.43
11 0.808 0.434
12 0.176 0.775
13 0.483 0.892
14 0.719 0.563
15 0.627 0.202
16 0.088 0.733
17 0.469 0.757
18 0.079 0.486
19 0.211 0.84
20 0.148 0.336
21 0.642 0.653
22 0.235 0.665
23 0.414 0.584
24 0.907 0.629
25 0.588 0.142
26 0.678 0.449
27 0.162 0.507
28 0.507 0.333
29 0.538 0.543
30 0.503 0.627
31 0.542 0.794
32 0.773 0.527
33 0.386 0.734
34 0.296 0.937
35 0.475 0.093
36 0.607 0.407
37 0.691 0.716
38 0.741 0.091
39 0.297 0.494
40 0.738 0.143
41 0.859 0.819
42 0.551 0.376
43 0.249 0.377
44 0.511 0.947
45 0.299 0.869
46 0.252 0.202
47 0.299 0.906
48 0.848 0.577
49 0.796 0.606
50 0.307 0.665
51 0.233 0.622
52 0.59 0.311
53 0.324 0.754
54 0.329 0.843
55 0.877 0.22
56 0.088 0.361
57 0.799 0.368
58 0.333 0.443
59 0.772 0.79
60 0.133 0.289
61 0.149 0.15
62 0.756 0.447
63 0.709 0.645
64 0.827 0.185
65 0.363 0.052
66 0.556 0.064
67 0.587 0.26
68 0.197 0.903
69 0.514 0.431
70 0.856 0.096
71 0.186 0.581
72 0.92 0.333
73 0.578 0.861
74 0.732 0.325
75 0.325 0.289
76 0.189 0.629
77 0.444 0.649
78 0.624 0.354
79 0.12 0.574
80 0.24 0.442
81 0.365 0.357
82 0.894 0.181
83 0.704 0.391
84 0.487 0.295
85 0.238 0.544
86 0.83 0.671
87 0.468 0.38
88 0.756 0.239
89 0.271 0.072
90 0.759 0.674
91 0.306 0.401
92 0.585 0.718
93 0.435 0.261
94 0.712 0.503
95 0.414 0.149
96 0.92 0.501
97 0.744 0.895
98 0.186 0.701
99 0.513 0.679
100 0.398 0.496
links
1 0
2 1
3 2
4 3
5 4
6 5
7 0
8 7
9 8
12 11
13 12
14 13
15 14
16 15
18 17
19 18
20 19
22 21
23 22
24 23
25 24
25 8
26 6
27 26
28 27
29 28
31 30
31 3
32 4
33 32
34 33
34 5
35 18
36 35
37 36
38 37
38 22
39 24
40 39
41 40
42 41
43 42
44 43
46 45
46 16
47 0
48 47
48 6
49 9
49 26
50 10
50 27
51 28
52 51
52 11
53 29
53 13
54 30
54 14
55 15
56 55
56 31
57 16
57 17
58 16
58 3
59 17
60 59
60 1
61 19
61 0
62 21
62 8
63 36
63 20
64 38
21 65
20 65
65 64
29 66
67 33
68 67
66 30
68 66
70 69
71 70
11 72
10 72
73 71
73 69
75 74
76 75
10 77
9 77
76 74
79 78
80 79
81 80
81 78
83 82
84 83
85 84
85 82
87 86
88 87
89 88
89 86
91 90
92 91
92 90
94 93
95 94
95 93
97 96
98 97
99 98
45 100
100 44
96 99
result
0 0.325 0.289
1 0.249 0.377
2 0.24 0.442
3 0.297 0.494
4 0.398 0.496
5 0.514 0.431
6 0.551 0.376
7 0.435 0.261
8 0.587 0.26
9 0.732 0.325
10 0.808 0.434
11 0.83 0.671
12 0.772 0.79
13 0.578 0.861
14 0.329 0.843
15 0.176 0.775
16 0.12 0.574
17 0.088 0.361
18 0.133 0.289
19 0.252 0.202
20 0.414 0.149
21 0.588 0.142
22 0.738 0.143
23 0.856 0.096
24 0.827 0.185
25 0.756 0.239
26 0.607 0.407
27 0.673 0.536
28 0.642 0.653
29 0.585 0.718
30 0.386 0.734
31 0.307 0.665
32 0.414 0.584
33 0.503 0.627
34 0.538 0.543
35 0.149 0.15
36 0.271 0.072
37 0.363 0.052
38 0.556 0.064
39 0.862 0.341
40 0.92 0.501
41 0.907 0.629
42 0.859 0.819
43 0.744 0.895
44 0.511 0.947
45 0.197 0.903
46 0.088 0.733
47 0.419 0.319
48 0.468 0.38
49 0.704 0.391
50 0.773 0.527
51 0.691 0.716
52 0.765 0.72
53 0.542 0.794
54 0.324 0.754
55 0.186 0.701
56 0.235 0.665
57 0.079 0.486
58 0.162 0.507
59 0.148 0.336
60 0.221 0.331
61 0.348 0.223
62 0.627 0.202
63 0.299 0.122
64 0.475 0.093
65 0.526 0.147
66 0.469 0.757
67 0.444 0.649
68 0.513 0.679
69 0.719 0.563
70 0.709 0.645
71 0.759 0.674
72 0.848 0.577
73 0.796 0.606
74 0.678 0.449
75 0.712 0.503
76 0.756 0.447
77 0.799 0.368
78 0.487 0.295
79 0.507 0.333
80 0.624 0.354
81 0.59 0.311
82 0.238 0.544
83 0.233 0.622
84 0.189 0.629
85 0.186 0.581
86 0.365 0.357
87 0.306 0.401
88 0.333 0.443
89 0.443 0.43
90 0.675 0.054
91 0.741 0.091
92 0.789 0.073
93 0.894 0.181
94 0.877 0.22
95 0.92 0.333
96 0.299 0.906
97 0.211 0.84
98 0.299 0.869
99 0.483 0.892
100 0.296 0.937
end level

level 89
width 9
height 13
objects
0 0.316 0.328
1 0.753 0.775
2 0.823 0.65
3 0.081 0.281
4 0.411 0.258
5 0.659 0.292
6 0.479 0.691
7 0.818 0.913
8 0.329 0.21
9 0.594 0.283
10 0.157 0.509
11 0.862 0.763
12 0.135 0.671
13 0.3 0.637
14 0.487 0.77
15 0.38 0.375
16 0.206 0.757
17 0.61 0.817
18 0.491 0.911
19 0.369 0.11
20 0.631 0.904
21 0.193 0.038
22 0.392 0.188
23 0.75 0.256
24 0.635 0.122
25 0.564 0.359
26 0.16 0.324
27 0.563 0.665
28 0.191 0.425
29 0.538 0.231
30 0.462 0.815
31 0.39 0.602
32 0.664 0.478
33 0.264 0.307
34 0.313 0.786
35 0.306 0.913
36 0.814 0.521
37 0.245 0.257
38 0.72 0.1
39 0.214 0.653
40 0.918 0.291
41 0.398 0.523
42 0.191 0.172
43 0.089 0.561
44 0.798 0.14
45 0.49 0.088
46 0.209 0.598
47 0.272 0.532
48 0.447 0.168
49 0.823 0.83
50 0.899 0.625
51 0.567 0.054
52 0.824 0.316
53 0.148 0.836
54 0.591 0.751
55 0.313 0.859
56 0.392 0.697
57 0.478 0.364
58 0.328 0.603
59 0.285 0.702
60 0.627 0.573
61 0.246 0.371
62 0.273 0.127
64 0.854 0.167
65 0.713 0.355
66 0.842 0.598
68 0.746 0.86
63 0.49 0.455
67 0.416 0.444
69 0.884 0.548
70 0.517 0.961
71 0.478 0.863
72 0.783 0.438
73 0.857 0.07
74 0.729 0.725
75 0.711 0.559
76 0.373 0.836
77 0.116 0.711
78 0.224 0.206
79 0.606 0.412
80 0.631 0.702
81 0.552 0.526
82 0.53 0.143
83 0.496 0.301
links
1 0
2 1
3 2
4 3
5 4
6 5
8 7
8 0
10 9
11 10
12 11
13 12
14 13
15 14
16 15
16 9
18 17
19 18
20 19
21 20
22 21
23 22
24 23
25 24
27 26
28 27
29 28
30 29
31 30
32 31
33 32
34 33
34 26
25 17
36 35
37 36
38 37
39 38
40 39
41 40
42 41
42 35
44 43
45 44
46 45
47 46
48 47
7 49
6 49
50 48
51 50
52 51
53 52
53 43
55 54
56 55
57 56
58 57
58 54
60 59
61 60
62 61
62 59
65 64
66 68
65 68
63 64
63 68
67 66
69 67
70 69
71 70
72 71
72 59
73 54
74 73
75 74
75 64
76 74
77 76
78 77
79 78
80 79
80 77
81 56
82 81
83 82
83 81
28 33
27 34
29 31
44 53
52 46
47 51
67 9
6 66
12 73
20 58
41 38
18 36
42 37
70 16
result
0 0.191 0.172
1 0.224 0.206
2 0.081 0.281
3 0.157 0.509
4 0.328 0.603
5 0.316 0.328
6 0.496 0.301
7 0.369 0.11
8 0.193 0.038
9 0.659 0.292
10 0.606 0.412
11 0.49 0.455
12 0.479 0.691
13 0.631 0.702
14 0.814 0.521
15 0.918 0.291
16 0.635 0.122
17 0.116 0.711
18 0.285 0.702
19 0.462 0.815
20 0.61 0.817
21 0.823 0.83
22 0.818 0.913
23 0.517 0.961
24 0.306 0.913
25 0.148 0.836
26 0.563 0.665
27 0.552 0.526
28 0.664 0.478
29 0.713 0.355
30 0.75 0.256
31 0.824 0.316
32 0.783 0.438
33 0.711 0.559
34 0.627 0.573
35 0.206 0.757
36 0.313 0.786
37 0.373 0.836
38 0.478 0.863
39 0.746 0.86
40 0.631 0.904
41 0.491 0.911
42 0.313 0.859
43 0.272 0.532
44 0.191 0.425
45 0.16 0.324
46 0.245 0.257
47 0.329 0.21
48 0.273 0.127
49 0.447 0.168
50 0.392 0.188
51 0.411 0.258
52 0.264 0.307
53 0.246 0.371
54 0.591 0.751
55 0.729 0.725
56 0.823 0.65
57 0.862 0.763
58 0.753 0.775
59 0.72 0.1
60 0.798 0.14
61 0.854 0.167
62 0.857 0.07
64 0.398 0.523
65 0.416 0.444
66 0.564 0.359
68 0.478 0.364
63 0.38 0.375
67 0.594 0.283
69 0.538 0.231
70 0.53 0.143
71 0.49 0.088
72 0.567 0.054
73 0.487 0.77
74 0.392 0.697
75 0.39 0.602
76 0.3 0.637
77 0.214 0.653
78 0.135 0.671
79 0.089 0.561
80 0.209 0.598
81 0.842 0.598
82 0.884 0.548
83 0.899 0.625
end level

